<?xml version='1.0' encoding='UTF-8'?>
<gpx xmlns="http://www.topografix.com/GPX/1/1" version="1.1" creator="journal-velo"><trk><name>Itinerance velo</name><trkseg><trkpt lat="48.1955325759219" lon="-2.0298570739811774"><ele>150.72365505732654</ele><time>2026-09-22T11:45:28.547Z</time><course>2.1596415</course><speed>0.571841</speed><geoidheight>49.9</geoidheight><src>gps</src><sat>10</sat><hdop>2.1</hdop><vdop>1.9</vdop><pdop>2.9</pdop></trkpt><trkpt lat="48.19565120613702" lon="-2.029724283483147"><ele>149.18007291923053</ele><time>2026-09-22T11:46:31.919Z</time><course>166.34755</course><speed>0.9084528</speed><geoidheight>49.9</geoidheight><src>gps</src><sat>10</sat><hdop>1.8</hdop><vdop>2.4</vdop><pdop>3.0</pdop></trkpt><trkpt lat="48.19561642015799" lon="-2.0298779009392507"><ele>155.7362635344379</ele><time>2026-09-22T11:47:32.999Z</time><speed>0.0</speed><geoidheight>49.9</geoidheight><src>gps</src><sat>22</sat><hdop>1.8</hdop><vdop>1.9</vdop><pdop>2.6</pdop></trkpt><trkpt lat="48.19563415796865" lon="-2.0298686842922202"><ele>103.43581509704536</ele><time>2026-09-22T11:48:36.728Z</time><course>94.19271</course><speed>2.3579059</speed><geoidheight>49.9</geoidheight><src>gps</src><sat>9</sat><hdop>2.3</hdop><vdop>2.8</vdop><pdop>3.6</pdop></trkpt><trkpt lat="48.1960851" lon="-2.0319854"><ele>142.10000610351562</ele><time>2026-09-22T11:49:39.770Z</time><src>network</src></trkpt><trkpt lat="48.1958405" lon="-2.0378148"><ele>124.9000015258789</ele><time>2026-09-22T11:50:42.779Z</time><src>network</src></trkpt><trkpt lat="48.19626147085318" lon="-2.04116512726531"><ele>151.13310463743403</ele><time>2026-09-22T11:51:46.419Z</time><course>257.6501</course><speed>5.8977613</speed><geoidheight>49.9</geoidheight><src>gps</src><sat>11</sat><hdop>1.1</hdop><vdop>1.4</vdop><pdop>1.8</pdop></trkpt><trkpt lat="48.1945503" lon="-2.0441769"><ele>120.0</ele><time>2026-09-22T11:52:49.669Z</time><src>network</src></trkpt><trkpt lat="48.195481" lon="-2.048361"><ele>119.30000305175781</ele><time>2026-09-22T11:53:53.745Z</time><src>network</src></trkpt><trkpt lat="48.192001158842125" lon="-2.050795958359806"><ele>119.53194813618921</ele><time>2026-09-22T11:54:57.454Z</time><course>193.64621</course><speed>6.9265933</speed><geoidheight>49.9</geoidheight><src>gps</src><sat>9</sat><hdop>2.7</hdop><vdop>2.6</vdop><pdop>3.7</pdop></trkpt><trkpt lat="48.189457935554714" lon="-2.0516150888153457"><ele>134.2282539873456</ele><time>2026-09-22T11:56:00.991Z</time><course>258.64957</course><speed>4.07244</speed><geoidheight>49.9</geoidheight><src>gps</src><sat>7</sat><hdop>3.1</hdop><vdop>2.9</vdop><pdop>4.3</pdop></trkpt><trkpt lat="48.19048058780736" lon="-2.0563770709438205"><ele>139.82220942033672</ele><time>2026-09-22T11:57:03.764Z</time><course>267.7809</course><speed>5.6813774</speed><geoidheight>49.9</geoidheight><src>gps</src><sat>9</sat><hdop>1.6</hdop><vdop>2.0</vdop><pdop>2.6</pdop></trkpt><trkpt lat="48.188892195108146" lon="-2.059936140539526"><ele>148.29242523651385</ele><time>2026-09-22T11:58:07.277Z</time><course>241.2872</course><speed>3.9848025</speed><geoidheight>49.9</geoidheight><src>gps</src><sat>12</sat><hdop>0.9</hdop><vdop>1.0</vdop><pdop>1.4</pdop></trkpt><trkpt lat="48.1876406903359" lon="-2.063012823798379"><ele>169.185823463632</ele><time>2026-09-22T11:59:11.835Z</time><course>209.06187</course><speed>4.700336</speed><geoidheight>49.9</geoidheight><src>gps</src><sat>12</sat><hdop>1.4</hdop><vdop>1.2</vdop><pdop>1.8</pdop></trkpt><trkpt lat="48.18464490542941" lon="-2.0631451894226336"><ele>137.6231486421591</ele><time>2026-09-22T12:00:16.264Z</time><course>164.19225</course><speed>5.8917665</speed><geoidheight>49.9</geoidheight><src>gps</src><sat>12</sat><hdop>1.6</hdop><vdop>1.7</vdop><pdop>2.3</pdop></trkpt><trkpt lat="48.181818659338774" lon="-2.0640548602540485"><ele>149.21867926821798</ele><time>2026-09-22T12:01:19.695Z</time><course>242.90273</course><speed>6.7006187</speed><geoidheight>49.9</geoidheight><src>gps</src><sat>10</sat><hdop>0.9</hdop><vdop>1.1</vdop><pdop>1.4</pdop></trkpt><trkpt lat="48.179016844302176" lon="-2.065031551153759"><ele>154.6363343895726</ele><time>2026-09-22T12:02:24.825Z</time><course>162.77867</course><speed>5.444291</speed><geoidheight>49.9</geoidheight><src>gps</src><sat>12</sat><hdop>1.6</hdop><vdop>1.7</vdop><pdop>2.3</pdop></trkpt><trkpt lat="48.17631301564349" lon="-2.0635256611217825"><ele>149.30868985183045</ele><time>2026-09-22T12:03:28.809Z</time><course>167.75793</course><speed>6.1633706</speed><geoidheight>49.9</geoidheight><src>gps</src><sat>12</sat><hdop>0.9</hdop><vdop>1.1</vdop><pdop>1.4</pdop></trkpt><trkpt lat="48.17248048337563" lon="-2.062167319464522"><ele>143.18500941270932</ele><time>2026-09-22T12:04:33.099Z</time><course>189.2663</course><speed>5.0730743</speed><geoidheight>49.9</geoidheight><src>gps</src><sat>12</sat><hdop>1.4</hdop><vdop>1.3</vdop><pdop>1.9</pdop></trkpt><trkpt lat="48.1700055" lon="-2.0636346"><ele>131.40000915527344</ele><time>2026-09-22T12:05:35.596Z</time><src>network</src></trkpt><trkpt lat="48.1676431" lon="-2.0631442"><ele>139.60000610351562</ele><time>2026-09-22T12:06:38.680Z</time><src>network</src></trkpt><trkpt lat="48.1665043" lon="-2.0655714"><ele>145.70001220703125</ele><time>2026-09-22T12:07:41.797Z</time><src>network</src></trkpt><trkpt lat="48.1640455" lon="-2.0655493"><ele>150.90000915527344</ele><time>2026-09-22T12:08:45.000Z</time><src>network</src></trkpt><trkpt lat="48.160369001280955" lon="-2.0684582069589506"><ele>177.35484433092046</ele><time>2026-09-22T12:09:48.179Z</time><course>211.7583</course><speed>5.1376095</speed><geoidheight>49.9</geoidheight><src>gps</src><sat>8</sat><hdop>2.2</hdop><vdop>7.6</vdop><pdop>7.9</pdop></trkpt><trkpt lat="48.15700378078233" lon="-2.0704056484928834"><ele>160.52696686890238</ele><time>2026-09-22T12:10:53.106Z</time><course>183.69388</course><speed>5.8456717</speed><geoidheight>49.9</geoidheight><src>gps</src><sat>12</sat><hdop>1.5</hdop><vdop>2.4</vdop><pdop>2.8</pdop></trkpt><trkpt lat="48.153469196117996" lon="-2.070457425105492"><ele>153.54272037530637</ele><time>2026-09-22T12:11:55.968Z</time><course>174.28188</course><speed>8.106865</speed><geoidheight>49.9</geoidheight><src>gps</src><sat>12</sat><hdop>1.4</hdop><vdop>1.8</vdop><pdop>2.2</pdop></trkpt><trkpt lat="48.1519328261791" lon="-2.073938651624636"><ele>137.1744839442667</ele><time>2026-09-22T12:13:01.796Z</time><course>228.25145</course><speed>4.9497104</speed><geoidheight>49.9</geoidheight><src>gps</src><sat>12</sat><hdop>1.3</hdop><vdop>1.6</vdop><pdop>2.1</pdop></trkpt><trkpt lat="48.14909763531166" lon="-2.0778379477345985"><ele>144.46880162896522</ele><time>2026-09-22T12:14:06.481Z</time><course>220.22821</course><speed>4.3163524</speed><geoidheight>49.9</geoidheight><src>gps</src><sat>12</sat><hdop>1.3</hdop><vdop>1.4</vdop><pdop>1.9</pdop></trkpt><trkpt lat="48.146375919640896" lon="-2.0798216475734703"><ele>153.73663541013354</ele><time>2026-09-22T12:15:12.814Z</time><course>184.86905</course><speed>6.563398</speed><geoidheight>49.9</geoidheight><src>gps</src><sat>12</sat><hdop>1.7</hdop><vdop>3.7</vdop><pdop>4.1</pdop></trkpt><trkpt lat="48.14312696944072" lon="-2.080017140812828"><ele>149.37453304136613</ele><time>2026-09-22T12:16:16.806Z</time><course>208.50334</course><speed>6.0861855</speed><geoidheight>49.9</geoidheight><src>gps</src><sat>12</sat><hdop>0.9</hdop><vdop>1.2</vdop><pdop>1.5</pdop></trkpt><trkpt lat="48.13850177198039" lon="-2.082350773195723"><ele>128.36332877732178</ele><time>2026-09-22T12:17:20.339Z</time><course>194.98671</course><speed>6.0010214</speed><geoidheight>49.9</geoidheight><src>gps</src><sat>11</sat><hdop>2.4</hdop><vdop>1.8</vdop><pdop>3.0</pdop></trkpt><trkpt lat="48.1346752" lon="-2.0832708"><ele>110.5999984741211</ele><time>2026-09-22T12:18:23.478Z</time><src>network</src></trkpt><trkpt lat="48.13528154565812" lon="-2.0871409050400707"><ele>138.22488175294646</ele><time>2026-09-22T12:19:27.791Z</time><course>282.17697</course><speed>3.1417353</speed><geoidheight>49.9</geoidheight><src>gps</src><sat>11</sat><hdop>1.3</hdop><vdop>1.4</vdop><pdop>1.9</pdop></trkpt><trkpt lat="48.135976876105" lon="-2.090502571328109"><ele>153.97304824792866</ele><time>2026-09-22T12:20:32.800Z</time><course>290.51724</course><speed>4.2112546</speed><geoidheight>49.9</geoidheight><src>gps</src><sat>11</sat><hdop>1.0</hdop><vdop>1.3</vdop><pdop>1.6</pdop></trkpt><trkpt lat="48.13609536520125" lon="-2.0956724831737152"><ele>138.7418957103588</ele><time>2026-09-22T12:21:36.365Z</time><course>264.48535</course><speed>10.857166</speed><geoidheight>49.9</geoidheight><src>gps</src><sat>11</sat><hdop>0.9</hdop><vdop>1.2</vdop><pdop>1.5</pdop></trkpt><trkpt lat="48.13659773283908" lon="-2.1019638641615663"><ele>135.06058784449513</ele><time>2026-09-22T12:22:40.753Z</time><course>292.28986</course><speed>4.504714</speed><geoidheight>49.9</geoidheight><src>gps</src><sat>12</sat><hdop>0.9</hdop><vdop>1.0</vdop><pdop>1.4</pdop></trkpt><trkpt lat="48.1377629424285" lon="-2.106317097625674"><ele>132.28491882921784</ele><time>2026-09-22T12:23:44.126Z</time><course>299.768</course><speed>6.6039557</speed><geoidheight>49.9</geoidheight><src>gps</src><sat>9</sat><hdop>1.0</hdop><vdop>1.3</vdop><pdop>1.6</pdop></trkpt><trkpt lat="48.13795769047306" lon="-2.112893187587612"><ele>134.51579880262645</ele><time>2026-09-22T12:24:49.798Z</time><course>258.24783</course><speed>7.0130434</speed><geoidheight>50.0</geoidheight><src>gps</src><sat>12</sat><hdop>1.2</hdop><vdop>1.2</vdop><pdop>1.7</pdop></trkpt><trkpt lat="48.13706013269092" lon="-2.11784230768294"><ele>133.1473866321316</ele><time>2026-09-22T12:25:54.506Z</time><course>246.31158</course><speed>4.4249797</speed><geoidheight>50.0</geoidheight><src>gps</src><sat>9</sat><hdop>1.5</hdop><vdop>2.3</vdop><pdop>2.7</pdop></trkpt><trkpt lat="48.13617559125777" lon="-2.1209598514837813"><ele>130.89615246238597</ele><time>2026-09-22T12:26:57.799Z</time><course>249.35794</course><speed>4.742391</speed><geoidheight>50.0</geoidheight><src>gps</src><sat>8</sat><hdop>1.6</hdop><vdop>1.5</vdop><pdop>2.2</pdop></trkpt><trkpt lat="48.13516591783571" lon="-2.1254718032027227"><ele>127.22346847386144</ele><time>2026-09-22T12:28:01.789Z</time><course>250.24136</course><speed>5.9691277</speed><geoidheight>50.0</geoidheight><src>gps</src><sat>7</sat><hdop>1.6</hdop><vdop>1.7</vdop><pdop>2.3</pdop></trkpt><trkpt lat="48.13413524357198" lon="-2.129625676974528"><ele>153.92316991867312</ele><time>2026-09-22T12:29:06.791Z</time><course>251.18675</course><speed>5.5437756</speed><geoidheight>50.0</geoidheight><src>gps</src><sat>7</sat><hdop>2.7</hdop><vdop>2.5</vdop><pdop>3.7</pdop></trkpt><trkpt lat="48.13332800066544" lon="-2.1344068859906558"><ele>150.2177573788054</ele><time>2026-09-22T12:30:11.433Z</time><course>256.1271</course><speed>5.068655</speed><geoidheight>50.0</geoidheight><src>gps</src><sat>11</sat><hdop>1.1</hdop><vdop>1.3</vdop><pdop>1.7</pdop></trkpt><trkpt lat="48.132081540918925" lon="-2.138881987043598"><ele>133.28002251819515</ele><time>2026-09-22T12:31:14.818Z</time><course>238.19736</course><speed>7.427014</speed><geoidheight>50.0</geoidheight><src>gps</src><sat>8</sat><hdop>2.2</hdop><vdop>1.6</vdop><pdop>2.7</pdop></trkpt><trkpt lat="48.13060023890117" lon="-2.144959095030036"><ele>145.68653639238164</ele><time>2026-09-22T12:32:20.180Z</time><course>264.82275</course><speed>9.20042</speed><geoidheight>50.0</geoidheight><src>gps</src><sat>12</sat><hdop>1.2</hdop><vdop>1.2</vdop><pdop>1.7</pdop></trkpt><trkpt lat="48.128750932214146" lon="-2.151686504156573"><ele>124.29629268979812</ele><time>2026-09-22T12:33:24.641Z</time><course>239.96698</course><speed>5.6408563</speed><geoidheight>50.0</geoidheight><src>gps</src><sat>11</sat><hdop>1.1</hdop><vdop>1.5</vdop><pdop>1.9</pdop></trkpt><trkpt lat="48.1277111" lon="-2.1560639"><ele>104.80000305175781</ele><time>2026-09-22T12:34:28.704Z</time><src>network</src></trkpt><trkpt lat="48.1269302" lon="-2.1588838"><ele>111.4000015258789</ele><time>2026-09-22T12:35:32.748Z</time><src>network</src></trkpt><trkpt lat="48.1250629" lon="-2.1594683"><ele>115.5999984741211</ele><time>2026-09-22T12:36:35.851Z</time><src>network</src></trkpt><trkpt lat="48.12150105552188" lon="-2.1587798457882093"><ele>114.41293634756222</ele><time>2026-09-22T12:37:39.811Z</time><course>200.94997</course><speed>5.1631427</speed><geoidheight>50.0</geoidheight><src>gps</src><sat>8</sat><hdop>1.6</hdop><vdop>2.9</vdop><pdop>3.3</pdop></trkpt><trkpt lat="48.12131556105925" lon="-2.158905134034444"><ele>130.15884143818877</ele><time>2026-09-22T12:38:45.773Z</time><course>60.85092</course><speed>0.016138142</speed><geoidheight>50.0</geoidheight><src>gps</src><sat>12</sat><hdop>0.9</hdop><vdop>1.2</vdop><pdop>1.5</pdop></trkpt><trkpt lat="48.12140550443756" lon="-2.1589060109203677"><ele>105.36685197960368</ele><time>2026-09-22T12:39:46.999Z</time><speed>0.0</speed><geoidheight>50.0</geoidheight><src>gps</src><sat>12</sat><hdop>1.2</hdop><vdop>1.3</vdop><pdop>1.8</pdop></trkpt><trkpt lat="48.12144813750946" lon="-2.15902679685365"><ele>118.59135249777181</ele><time>2026-09-22T12:40:47.999Z</time><speed>0.0</speed><geoidheight>50.0</geoidheight><src>gps</src><sat>23</sat><hdop>1.2</hdop><vdop>1.6</vdop><pdop>2.0</pdop></trkpt><trkpt lat="48.12145116307557" lon="-2.1589730572534993"><ele>108.63702342879407</ele><time>2026-09-22T12:41:51.515Z</time><course>139.1868</course><speed>1.0503486</speed><geoidheight>50.0</geoidheight><src>gps</src><sat>9</sat><hdop>1.6</hdop><vdop>2.1</vdop><pdop>2.7</pdop></trkpt><trkpt lat="48.121513722381195" lon="-2.159069054585016"><ele>151.22254958057854</ele><time>2026-09-22T12:42:55.115Z</time><course>5.8433833</course><speed>0.92861366</speed><geoidheight>50.0</geoidheight><src>gps</src><sat>11</sat><hdop>1.0</hdop><vdop>1.3</vdop><pdop>1.6</pdop></trkpt><trkpt lat="48.12142271762034" lon="-2.1590557660483234"><ele>110.12833398207596</ele><time>2026-09-22T12:43:56.000Z</time><speed>0.0</speed><geoidheight>50.0</geoidheight><src>gps</src><sat>14</sat><hdop>1.2</hdop><vdop>1.8</vdop><pdop>2.1</pdop></trkpt><trkpt lat="48.12081241208414" lon="-2.159340084565936"><ele>109.70350658596992</ele><time>2026-09-22T12:44:56.999Z</time><course>199.624</course><speed>3.8614955</speed><geoidheight>50.0</geoidheight><src>gps</src><sat>28</sat><hdop>1.5</hdop><vdop>3.6</vdop><pdop>3.8</pdop></trkpt><trkpt lat="48.11806840702997" lon="-2.1604494852902287"><ele>113.28499431288782</ele><time>2026-09-22T12:45:57.999Z</time><course>206.67192</course><speed>5.689841</speed><geoidheight>50.0</geoidheight><src>gps</src><sat>25</sat><hdop>1.0</hdop><vdop>1.4</vdop><pdop>1.7</pdop></trkpt><trkpt lat="48.115284528349186" lon="-2.160750773144709"><ele>116.12255019337502</ele><time>2026-09-22T12:46:58.999Z</time><course>108.993706</course><speed>4.753591</speed><geoidheight>50.0</geoidheight><src>gps</src><sat>24</sat><hdop>1.0</hdop><vdop>1.4</vdop><pdop>1.7</pdop></trkpt><trkpt lat="48.1150793" lon="-2.1594187"><time>2026-09-22T12:47:58.322Z</time><src>network</src></trkpt><trkpt lat="48.1150795" lon="-2.1594183"><time>2026-09-22T12:48:41.135Z</time><src>network</src></trkpt><trkpt lat="48.1150796" lon="-2.1594182"><time>2026-09-22T12:49:47.837Z</time><src>network</src></trkpt><trkpt lat="48.1150793" lon="-2.1594192"><time>2026-09-22T12:50:47.783Z</time><src>network</src></trkpt><trkpt lat="48.1150795" lon="-2.1594184"><time>2026-09-22T12:52:02.850Z</time><src>network</src></trkpt><trkpt lat="48.1150795" lon="-2.1594183"><time>2026-09-22T12:53:05.991Z</time><src>network</src></trkpt><trkpt lat="48.1150796" lon="-2.1594183"><time>2026-09-22T12:54:09.098Z</time><src>network</src></trkpt><trkpt lat="48.1150794" lon="-2.1594186"><time>2026-09-22T12:55:12.195Z</time><src>network</src></trkpt><trkpt lat="48.115039574928645" lon="-2.1593492691076004"><ele>109.52603015877897</ele><time>2026-09-22T12:56:15.564Z</time><course>182.13791</course><speed>1.1262314</speed><geoidheight>50.0</geoidheight><src>gps</src><sat>12</sat><hdop>1.1</hdop><vdop>1.4</vdop><pdop>1.8</pdop></trkpt><trkpt lat="48.1150796" lon="-2.1594187"><time>2026-09-22T12:57:18.840Z</time><src>network</src></trkpt><trkpt lat="48.11369439599159" lon="-2.1617689787409327"><ele>139.76153386436698</ele><time>2026-09-22T12:58:23.772Z</time><course>205.51143</course><speed>2.6085355</speed><geoidheight>50.0</geoidheight><src>gps</src><sat>10</sat><hdop>1.0</hdop><vdop>1.9</vdop><pdop>2.1</pdop></trkpt><trkpt lat="48.11196618516846" lon="-2.1625127492485263"><ele>130.5721453912524</ele><time>2026-09-22T12:59:27.828Z</time><course>202.69476</course><speed>3.5019479</speed><geoidheight>50.0</geoidheight><src>gps</src><sat>9</sat><hdop>1.2</hdop><vdop>3.5</vdop><pdop>3.7</pdop></trkpt><trkpt lat="48.110410460750074" lon="-2.164030239096067"><ele>146.9407490777172</ele><time>2026-09-22T13:00:32.275Z</time><course>212.81528</course><speed>3.3413668</speed><geoidheight>50.0</geoidheight><src>gps</src><sat>12</sat><hdop>0.9</hdop><vdop>1.3</vdop><pdop>1.6</pdop></trkpt><trkpt lat="48.10778052358561" lon="-2.1655968920370436"><ele>153.46347177282397</ele><time>2026-09-22T13:01:36.806Z</time><course>182.45076</course><speed>7.3372297</speed><geoidheight>50.0</geoidheight><src>gps</src><sat>10</sat><hdop>1.5</hdop><vdop>2.8</vdop><pdop>3.2</pdop></trkpt><trkpt lat="48.10581932267907" lon="-2.1623955535271753"><ele>149.03232747424607</ele><time>2026-09-22T13:02:41.800Z</time><course>134.46242</course><speed>4.8888464</speed><geoidheight>50.0</geoidheight><src>gps</src><sat>12</sat><hdop>1.3</hdop><vdop>1.4</vdop><pdop>1.9</pdop></trkpt><trkpt lat="48.10472131186173" lon="-2.159573753500126"><ele>146.87052568565565</ele><time>2026-09-22T13:03:46.594Z</time><course>117.88277</course><speed>3.2240896</speed><geoidheight>50.0</geoidheight><src>gps</src><sat>12</sat><hdop>1.1</hdop><vdop>1.2</vdop><pdop>1.6</pdop></trkpt><trkpt lat="48.104543167251606" lon="-2.155631164902031"><ele>166.5278962322237</ele><time>2026-09-22T13:04:49.763Z</time><course>88.60597</course><speed>5.678219</speed><geoidheight>50.0</geoidheight><src>gps</src><sat>10</sat><hdop>2.2</hdop><vdop>2.0</vdop><pdop>3.0</pdop></trkpt><trkpt lat="48.104434214512494" lon="-2.1507053244632166"><ele>149.7157161099213</ele><time>2026-09-22T13:05:53.766Z</time><course>91.034096</course><speed>4.518959</speed><geoidheight>50.0</geoidheight><src>gps</src><sat>12</sat><hdop>0.8</hdop><vdop>1.1</vdop><pdop>1.4</pdop></trkpt><trkpt lat="48.10429824825095" lon="-2.146233594891376"><ele>151.93320009639518</ele><time>2026-09-22T13:06:58.773Z</time><course>112.22575</course><speed>5.7586827</speed><geoidheight>50.0</geoidheight><src>gps</src><sat>12</sat><hdop>1.1</hdop><vdop>1.1</vdop><pdop>1.6</pdop></trkpt><trkpt lat="48.1026026792545" lon="-2.1397566689269034"><ele>116.35622027116229</ele><time>2026-09-22T13:08:02.231Z</time><course>110.05702</course><speed>7.5649047</speed><geoidheight>50.0</geoidheight><src>gps</src><sat>10</sat><hdop>2.1</hdop><vdop>2.2</vdop><pdop>3.1</pdop></trkpt><trkpt lat="48.101948100908714" lon="-2.135516170465353"><ele>133.98115169314428</ele><time>2026-09-22T13:09:06.643Z</time><course>107.443565</course><speed>4.1241074</speed><geoidheight>50.0</geoidheight><src>gps</src><sat>12</sat><hdop>1.0</hdop><vdop>1.0</vdop><pdop>1.4</pdop></trkpt><trkpt lat="48.10103792906737" lon="-2.1313707389311394"><ele>133.2847516271206</ele><time>2026-09-22T13:10:10.974Z</time><course>121.151695</course><speed>4.7038</speed><geoidheight>50.0</geoidheight><src>gps</src><sat>12</sat><hdop>0.9</hdop><vdop>1.1</vdop><pdop>1.4</pdop></trkpt><trkpt lat="48.09934439166316" lon="-2.1281577414931263"><ele>129.27031910466624</ele><time>2026-09-22T13:11:15.764Z</time><course>129.81888</course><speed>5.8584657</speed><geoidheight>50.0</geoidheight><src>gps</src><sat>12</sat><hdop>1.0</hdop><vdop>1.1</vdop><pdop>1.5</pdop></trkpt><trkpt lat="48.097539655920635" lon="-2.1240146080805187"><ele>136.51839414984582</ele><time>2026-09-22T13:12:19.179Z</time><course>107.12622</course><speed>4.4936433</speed><geoidheight>50.0</geoidheight><src>gps</src><sat>9</sat><hdop>1.5</hdop><vdop>1.6</vdop><pdop>2.2</pdop></trkpt><trkpt lat="48.097214564317845" lon="-2.1202996799811427"><ele>140.79460119537035</ele><time>2026-09-22T13:13:23.779Z</time><course>103.934456</course><speed>4.1592255</speed><geoidheight>50.0</geoidheight><src>gps</src><sat>12</sat><hdop>1.0</hdop><vdop>1.1</vdop><pdop>1.5</pdop></trkpt><trkpt lat="48.09682273039949" lon="-2.1168640371759726"><ele>139.48913616344785</ele><time>2026-09-22T13:14:28.774Z</time><course>35.83262</course><speed>4.599596</speed><geoidheight>50.0</geoidheight><src>gps</src><sat>12</sat><hdop>1.0</hdop><vdop>1.3</vdop><pdop>1.7</pdop></trkpt><trkpt lat="48.09624959514114" lon="-2.114602169778848"><ele>132.0706260378964</ele><time>2026-09-22T13:15:32.235Z</time><course>104.71604</course><speed>8.627677</speed><geoidheight>50.0</geoidheight><src>gps</src><sat>9</sat><hdop>1.0</hdop><vdop>1.3</vdop><pdop>1.6</pdop></trkpt><trkpt lat="48.09505158130357" lon="-2.109285368923625"><ele>122.21885387576907</ele><time>2026-09-22T13:16:36.761Z</time><course>106.8161</course><speed>3.4023213</speed><geoidheight>50.0</geoidheight><src>gps</src><sat>9</sat><hdop>1.3</hdop><vdop>1.6</vdop><pdop>2.0</pdop></trkpt><trkpt lat="48.09455506280947" lon="-2.1064045274218275"><ele>150.784965885643</ele><time>2026-09-22T13:17:40.761Z</time><course>109.24887</course><speed>3.478091</speed><geoidheight>50.0</geoidheight><src>gps</src><sat>12</sat><hdop>1.0</hdop><vdop>1.3</vdop><pdop>1.6</pdop></trkpt><trkpt lat="48.09413268418304" lon="-2.103789228553674"><ele>150.24740399057887</ele><time>2026-09-22T13:18:44.780Z</time><course>116.577614</course><speed>4.0112767</speed><geoidheight>50.0</geoidheight><src>gps</src><sat>11</sat><hdop>1.4</hdop><vdop>1.5</vdop><pdop>2.1</pdop></trkpt><trkpt lat="48.09363950365664" lon="-2.101290337100424"><ele>161.24256380064793</ele><time>2026-09-22T13:19:48.857Z</time><course>117.35347</course><speed>3.1195352</speed><geoidheight>50.0</geoidheight><src>gps</src><sat>12</sat><hdop>0.9</hdop><vdop>1.3</vdop><pdop>1.6</pdop></trkpt><trkpt lat="48.0932976" lon="-2.0980097"><ele>129.90000915527344</ele><time>2026-09-22T13:20:51.557Z</time><src>network</src></trkpt><trkpt lat="48.09441598004677" lon="-2.09288111212173"><ele>126.07586437860859</ele><time>2026-09-22T13:21:55.747Z</time><course>58.335224</course><speed>5.6649923</speed><geoidheight>49.9</geoidheight><src>gps</src><sat>12</sat><hdop>1.1</hdop><vdop>1.5</vdop><pdop>1.8</pdop></trkpt><trkpt lat="48.09444813518812" lon="-2.089710495294675"><ele>143.28579520852605</ele><time>2026-09-22T13:23:00.744Z</time><course>91.5266</course><speed>3.142688</speed><geoidheight>49.9</geoidheight><src>gps</src><sat>12</sat><hdop>0.9</hdop><vdop>1.3</vdop><pdop>1.6</pdop></trkpt><trkpt lat="48.094241139119156" lon="-2.0866162600816263"><ele>127.772581202421</ele><time>2026-09-22T13:24:04.301Z</time><course>99.39917</course><speed>5.0781155</speed><geoidheight>49.9</geoidheight><src>gps</src><sat>10</sat><hdop>1.4</hdop><vdop>1.9</vdop><pdop>2.4</pdop></trkpt><trkpt lat="48.095199485729" lon="-2.0819045346787286"><ele>138.0446492507171</ele><time>2026-09-22T13:25:08.053Z</time><course>66.713615</course><speed>6.6238165</speed><geoidheight>49.9</geoidheight><src>gps</src><sat>12</sat><hdop>1.2</hdop><vdop>1.2</vdop><pdop>1.8</pdop></trkpt><trkpt lat="48.095543102627005" lon="-2.0775987693344207"><ele>123.61679172314103</ele><time>2026-09-22T13:26:12.748Z</time><course>73.483734</course><speed>4.033547</speed><geoidheight>49.9</geoidheight><src>gps</src><sat>12</sat><hdop>1.1</hdop><vdop>1.5</vdop><pdop>1.8</pdop></trkpt><trkpt lat="48.096163000543115" lon="-2.074450786462587"><ele>149.14991192842712</ele><time>2026-09-22T13:27:16.216Z</time><course>82.6025</course><speed>5.1407437</speed><geoidheight>49.9</geoidheight><src>gps</src><sat>9</sat><hdop>1.4</hdop><vdop>1.5</vdop><pdop>2.1</pdop></trkpt><trkpt lat="48.09787664998183" lon="-2.06945906103671"><ele>126.42971226102503</ele><time>2026-09-22T13:28:19.633Z</time><course>45.37452</course><speed>6.76093</speed><geoidheight>49.9</geoidheight><src>gps</src><sat>12</sat><hdop>1.1</hdop><vdop>1.4</vdop><pdop>1.7</pdop></trkpt><trkpt lat="48.098199470408105" lon="-2.0663218589521026"><ele>139.29774587880038</ele><time>2026-09-22T13:29:23.592Z</time><course>94.44024</course><speed>2.6970148</speed><geoidheight>49.9</geoidheight><src>gps</src><sat>10</sat><hdop>1.5</hdop><vdop>2.4</vdop><pdop>2.8</pdop></trkpt><trkpt lat="48.098097643566184" lon="-2.064311817367088"><ele>137.416140534638</ele><time>2026-09-22T13:30:26.753Z</time><course>98.22411</course><speed>2.9562647</speed><geoidheight>49.9</geoidheight><src>gps</src><sat>9</sat><hdop>1.3</hdop><vdop>1.9</vdop><pdop>2.3</pdop></trkpt><trkpt lat="48.09621693660228" lon="-2.0642523671141775"><ele>134.38673704231627</ele><time>2026-09-22T13:31:30.339Z</time><course>186.01344</course><speed>2.9560983</speed><geoidheight>49.9</geoidheight><src>gps</src><sat>10</sat><hdop>1.1</hdop><vdop>1.7</vdop><pdop>2.0</pdop></trkpt><trkpt lat="48.09435784097542" lon="-2.0643175061465735"><ele>170.8262356857723</ele><time>2026-09-22T13:32:34.749Z</time><course>169.68317</course><speed>3.1912258</speed><geoidheight>49.9</geoidheight><src>gps</src><sat>9</sat><hdop>1.1</hdop><vdop>1.9</vdop><pdop>2.2</pdop></trkpt><trkpt lat="48.09305496180956" lon="-2.0614986369630754"><ele>142.44294523868663</ele><time>2026-09-22T13:33:38.527Z</time><course>147.15105</course><speed>4.931924</speed><geoidheight>49.9</geoidheight><src>gps</src><sat>12</sat><hdop>1.0</hdop><vdop>1.4</vdop><pdop>1.7</pdop></trkpt><trkpt lat="48.094044628745436" lon="-2.059055201979206"><ele>130.22297424050538</ele><time>2026-09-22T13:34:42.544Z</time><course>8.278704</course><speed>4.6428585</speed><geoidheight>49.9</geoidheight><src>gps</src><sat>12</sat><hdop>0.9</hdop><vdop>1.6</vdop><pdop>1.9</pdop></trkpt><trkpt lat="48.09320294422708" lon="-2.0575793577757784"><ele>123.94105611216466</ele><time>2026-09-22T13:35:43.000Z</time><course>209.5824</course><speed>0.2606429</speed><geoidheight>49.9</geoidheight><src>gps</src><sat>25</sat><hdop>2.0</hdop><vdop>2.9</vdop><pdop>3.6</pdop></trkpt><trkpt lat="48.0931152178136" lon="-2.0573987707889216"><ele>169.0179613411676</ele><time>2026-09-22T13:36:47.407Z</time><course>258.24847</course><speed>1.827057</speed><geoidheight>49.9</geoidheight><src>gps</src><sat>11</sat><hdop>1.3</hdop><vdop>2.3</vdop><pdop>2.7</pdop></trkpt><trkpt lat="48.093787050031146" lon="-2.0581480901796065"><ele>166.89375193365453</ele><time>2026-09-22T13:37:51.786Z</time><course>24.008083</course><speed>3.6132755</speed><geoidheight>49.9</geoidheight><src>gps</src><sat>6</sat><hdop>6.5</hdop><vdop>3.5</vdop><pdop>7.4</pdop></trkpt><trkpt lat="48.09529741170206" lon="-2.0561896050268413"><ele>120.77818260651267</ele><time>2026-09-22T13:38:56.913Z</time><course>356.9485</course><speed>3.968274</speed><geoidheight>49.9</geoidheight><src>gps</src><sat>10</sat><hdop>1.2</hdop><vdop>2.3</vdop><pdop>2.6</pdop></trkpt><trkpt lat="48.09597439895793" lon="-2.054957818237705"><ele>146.18327866130036</ele><time>2026-09-22T13:40:00.739Z</time><course>57.07285</course><speed>2.3227682</speed><geoidheight>49.9</geoidheight><src>gps</src><sat>12</sat><hdop>1.2</hdop><vdop>1.8</vdop><pdop>2.1</pdop></trkpt><trkpt lat="48.09644756518269" lon="-2.052990438191149"><ele>167.61594279365565</ele><time>2026-09-22T13:41:04.762Z</time><course>70.529045</course><speed>2.5519917</speed><geoidheight>49.9</geoidheight><src>gps</src><sat>9</sat><hdop>1.9</hdop><vdop>2.6</vdop><pdop>3.2</pdop></trkpt><trkpt lat="48.0973994794003" lon="-2.050404617739383"><ele>175.8137178222042</ele><time>2026-09-22T13:42:08.156Z</time><course>61.052555</course><speed>4.5275617</speed><geoidheight>49.9</geoidheight><src>gps</src><sat>10</sat><hdop>1.7</hdop><vdop>2.1</vdop><pdop>2.7</pdop></trkpt><trkpt lat="48.09694860260268" lon="-2.0466515983970153"><ele>172.67707520751924</ele><time>2026-09-22T13:43:11.715Z</time><course>107.1849</course><speed>5.483919</speed><geoidheight>49.9</geoidheight><src>gps</src><sat>7</sat><hdop>2.0</hdop><vdop>2.8</vdop><pdop>3.5</pdop></trkpt><trkpt lat="48.095097169920294" lon="-2.0456921142516"><ele>145.6052744514854</ele><time>2026-09-22T13:44:16.752Z</time><course>205.18892</course><speed>3.7000391</speed><geoidheight>49.9</geoidheight><src>gps</src><sat>10</sat><hdop>1.4</hdop><vdop>2.8</vdop><pdop>3.1</pdop></trkpt><trkpt lat="48.09273446780801" lon="-2.0469896180113207"><ele>193.42482655926102</ele><time>2026-09-22T13:45:21.200Z</time><course>192.38026</course><speed>4.6783075</speed><geoidheight>49.9</geoidheight><src>gps</src><sat>10</sat><hdop>1.2</hdop><vdop>2.4</vdop><pdop>2.7</pdop></trkpt><trkpt lat="48.08894429580694" lon="-2.0485536187940223"><ele>149.89525497145019</ele><time>2026-09-22T13:46:26.633Z</time><course>180.72964</course><speed>7.5109854</speed><geoidheight>49.9</geoidheight><src>gps</src><sat>10</sat><hdop>1.3</hdop><vdop>2.5</vdop><pdop>2.8</pdop></trkpt><trkpt lat="48.084855362891226" lon="-2.0478925749857413"><ele>157.140260665123</ele><time>2026-09-22T13:47:29.463Z</time><course>172.50229</course><speed>6.754852</speed><geoidheight>49.9</geoidheight><src>gps</src><sat>10</sat><hdop>2.0</hdop><vdop>2.0</vdop><pdop>2.8</pdop></trkpt><trkpt lat="48.08434730660453" lon="-2.042896906865354"><ele>151.08717410865853</ele><time>2026-09-22T13:48:33.762Z</time><course>94.37269</course><speed>5.757322</speed><geoidheight>49.9</geoidheight><src>gps</src><sat>12</sat><hdop>1.1</hdop><vdop>1.6</vdop><pdop>2.0</pdop></trkpt><trkpt lat="48.08195596059677" lon="-2.0408544553606713"><ele>139.93185892279672</ele><time>2026-09-22T13:49:38.750Z</time><course>165.93929</course><speed>4.589096</speed><geoidheight>49.9</geoidheight><src>gps</src><sat>12</sat><hdop>1.2</hdop><vdop>1.8</vdop><pdop>2.1</pdop></trkpt><trkpt lat="48.08004781557335" lon="-2.0396102623520966"><ele>179.77159903120676</ele><time>2026-09-22T13:50:42.444Z</time><course>175.01328</course><speed>4.494103</speed><geoidheight>49.9</geoidheight><src>gps</src><sat>10</sat><hdop>1.4</hdop><vdop>1.3</vdop><pdop>1.9</pdop></trkpt><trkpt lat="48.07794535131474" lon="-2.0396680320805363"><ele>161.8049642672107</ele><time>2026-09-22T13:51:45.563Z</time><course>161.71568</course><speed>5.792021</speed><geoidheight>49.9</geoidheight><src>gps</src><sat>7</sat><hdop>3.8</hdop><vdop>9.2</vdop><pdop>9.9</pdop></trkpt><trkpt lat="48.0765192495731" lon="-2.037527409461728"><ele>175.54642555438502</ele><time>2026-09-22T13:52:49.725Z</time><course>88.61183</course><speed>0.08415375</speed><geoidheight>49.9</geoidheight><src>gps</src><sat>12</sat><hdop>1.1</hdop><vdop>1.4</vdop><pdop>1.8</pdop></trkpt><trkpt lat="48.07655037999307" lon="-2.037505196934965"><ele>168.40858958165884</ele><time>2026-09-22T13:53:54.743Z</time><course>0.32869577</course><speed>0.31107992</speed><geoidheight>49.9</geoidheight><src>gps</src><sat>12</sat><hdop>1.4</hdop><vdop>1.4</vdop><pdop>2.0</pdop></trkpt><trkpt lat="48.07635129492099" lon="-2.0371389389610886"><ele>171.47628052326533</ele><time>2026-09-22T13:54:58.472Z</time><course>142.31683</course><speed>3.823566</speed><geoidheight>49.9</geoidheight><src>gps</src><sat>12</sat><hdop>1.1</hdop><vdop>1.7</vdop><pdop>2.1</pdop></trkpt><trkpt lat="48.07326749438674" lon="-2.0346024838621464"><ele>169.3381314333648</ele><time>2026-09-22T13:56:01.860Z</time><course>93.01329</course><speed>5.03727</speed><geoidheight>49.9</geoidheight><src>gps</src><sat>10</sat><hdop>1.6</hdop><vdop>1.9</vdop><pdop>2.5</pdop></trkpt><trkpt lat="48.073281741631995" lon="-2.031106253278194"><ele>163.5534852941144</ele><time>2026-09-22T13:57:05.259Z</time><course>77.567444</course><speed>4.448936</speed><geoidheight>49.9</geoidheight><src>gps</src><sat>12</sat><hdop>1.0</hdop><vdop>1.4</vdop><pdop>1.8</pdop></trkpt><trkpt lat="48.07361766325127" lon="-2.025768894144836"><ele>145.74036649372928</ele><time>2026-09-22T13:58:08.730Z</time><course>104.64356</course><speed>7.911625</speed><geoidheight>49.9</geoidheight><src>gps</src><sat>12</sat><hdop>1.2</hdop><vdop>1.4</vdop><pdop>1.9</pdop></trkpt><trkpt lat="48.070878209473065" lon="-2.023759548384836"><ele>130.0544324897544</ele><time>2026-09-22T13:59:12.751Z</time><course>162.8285</course><speed>4.380723</speed><geoidheight>49.9</geoidheight><src>gps</src><sat>10</sat><hdop>2.1</hdop><vdop>2.0</vdop><pdop>2.9</pdop></trkpt><trkpt lat="48.07018213701989" lon="-2.0198655104259444"><ele>133.0853309921859</ele><time>2026-09-22T14:00:16.642Z</time><course>12.185352</course><speed>2.168823</speed><geoidheight>49.9</geoidheight><src>gps</src><sat>10</sat><hdop>1.5</hdop><vdop>1.7</vdop><pdop>2.3</pdop></trkpt><trkpt lat="48.0696763726596" lon="-2.017376301037323"><ele>143.96069013893492</ele><time>2026-09-22T14:01:20.737Z</time><course>115.68955</course><speed>3.2889385</speed><geoidheight>49.9</geoidheight><src>gps</src><sat>12</sat><hdop>1.0</hdop><vdop>1.3</vdop><pdop>1.6</pdop></trkpt><trkpt lat="48.06961861735796" lon="-2.017007736517239"><ele>140.9504626354006</ele><time>2026-09-22T14:02:21.999Z</time><speed>0.0</speed><geoidheight>49.9</geoidheight><src>gps</src><sat>11</sat><hdop>1.5</hdop><vdop>2.1</vdop><pdop>2.5</pdop></trkpt><trkpt lat="48.06903662938874" lon="-2.01389075207948"><ele>142.89499304007558</ele><time>2026-09-22T14:03:26.725Z</time><course>82.81099</course><speed>6.1843176</speed><geoidheight>49.9</geoidheight><src>gps</src><sat>10</sat><hdop>1.6</hdop><vdop>2.7</vdop><pdop>3.2</pdop></trkpt><trkpt lat="48.06949401932327" lon="-2.0094146611582886"><ele>165.28188326412197</ele><time>2026-09-22T14:04:30.166Z</time><course>64.46253</course><speed>4.2850537</speed><geoidheight>49.9</geoidheight><src>gps</src><hdop>2.5</hdop><vdop>2.6</vdop><pdop>3.6</pdop></trkpt><trkpt lat="48.070653687383626" lon="-2.007328170321611"><ele>149.89371305271766</ele><time>2026-09-22T14:05:34.613Z</time><course>29.29104</course><speed>1.709003</speed><geoidheight>49.9</geoidheight><src>gps</src><sat>12</sat><hdop>1.0</hdop><vdop>1.1</vdop><pdop>1.5</pdop></trkpt><trkpt lat="48.0717591342581" lon="-2.0064451373097665"><ele>155.8034588977631</ele><time>2026-09-22T14:06:38.728Z</time><course>24.332647</course><speed>1.7149994</speed><geoidheight>49.9</geoidheight><src>gps</src><sat>9</sat><hdop>1.2</hdop><vdop>1.2</vdop><pdop>1.7</pdop></trkpt><trkpt lat="48.071840804802555" lon="-2.006434010807494"><ele>152.54882833048248</ele><time>2026-09-22T14:07:42.000Z</time><speed>0.0</speed><geoidheight>49.9</geoidheight><src>gps</src><sat>19</sat><hdop>0.9</hdop><vdop>1.0</vdop><pdop>1.4</pdop></trkpt><trkpt lat="48.07109657653745" lon="-2.0069218217818126"><ele>151.47704662346172</ele><time>2026-09-22T14:08:46.722Z</time><course>208.37845</course><speed>4.7806106</speed><geoidheight>49.9</geoidheight><src>gps</src><sat>12</sat><hdop>1.4</hdop><vdop>1.7</vdop><pdop>2.1</pdop></trkpt><trkpt lat="48.06978419129566" lon="-2.009120678483101"><ele>156.99292404282446</ele><time>2026-09-22T14:09:50.171Z</time><course>170.30646</course><speed>1.3549892</speed><geoidheight>49.9</geoidheight><src>gps</src><sat>12</sat><hdop>1.1</hdop><vdop>1.2</vdop><pdop>1.6</pdop></trkpt><trkpt lat="48.06927965820536" lon="-2.007152745327399"><ele>145.23426368105126</ele><time>2026-09-22T14:11:01.790Z</time><course>147.96846</course><speed>3.0118632</speed><geoidheight>49.9</geoidheight><src>gps</src><sat>12</sat><hdop>1.2</hdop><vdop>2.4</vdop><pdop>2.7</pdop></trkpt><trkpt lat="48.06783392160083" lon="-2.006064766432558"><ele>150.43734835750683</ele><time>2026-09-22T14:12:05.738Z</time><course>213.06331</course><speed>1.3801743</speed><geoidheight>49.9</geoidheight><src>gps</src><sat>10</sat><hdop>1.6</hdop><vdop>3.0</vdop><pdop>3.4</pdop></trkpt><trkpt lat="48.06733673256141" lon="-2.00574883427906"><ele>167.5185792256691</ele><time>2026-09-22T14:13:10.361Z</time><course>158.59839</course><speed>4.300909</speed><geoidheight>49.9</geoidheight><src>gps</src><sat>12</sat><hdop>1.8</hdop><vdop>2.0</vdop><pdop>2.7</pdop></trkpt><trkpt lat="48.06360641928838" lon="-2.0031849349641497"><ele>159.00783183224192</ele><time>2026-09-22T14:14:14.748Z</time><course>147.19617</course><speed>6.5084</speed><geoidheight>49.9</geoidheight><src>gps</src><sat>8</sat><hdop>1.5</hdop><vdop>1.9</vdop><pdop>2.5</pdop></trkpt><trkpt lat="48.06255144385186" lon="-1.9971484776061479"><ele>135.78888605093914</ele><time>2026-09-22T14:15:18.366Z</time><course>104.39942</course><speed>4.909344</speed><geoidheight>49.9</geoidheight><src>gps</src><sat>10</sat><hdop>2.8</hdop><vdop>1.9</vdop><pdop>3.4</pdop></trkpt><trkpt lat="48.0620516595302" lon="-1.9944273016452174"><ele>157.22114150738082</ele><time>2026-09-22T14:16:21.688Z</time><course>100.11955</course><speed>2.8846262</speed><geoidheight>49.9</geoidheight><src>gps</src><sat>11</sat><hdop>1.0</hdop><vdop>1.4</vdop><pdop>1.7</pdop></trkpt><trkpt lat="48.06307804075331" lon="-1.9916760454844238"><ele>156.8969632387143</ele><time>2026-09-22T14:17:26.720Z</time><course>55.795513</course><speed>4.5918694</speed><geoidheight>49.9</geoidheight><src>gps</src><sat>12</sat><hdop>1.3</hdop><vdop>2.0</vdop><pdop>2.4</pdop></trkpt><trkpt lat="48.06339996352043" lon="-1.9873699692756541"><ele>151.5062813766388</ele><time>2026-09-22T14:18:31.735Z</time><course>85.87599</course><speed>5.406644</speed><geoidheight>49.9</geoidheight><src>gps</src><sat>10</sat><hdop>1.8</hdop><vdop>2.3</vdop><pdop>3.0</pdop></trkpt><trkpt lat="48.063504694201235" lon="-1.986803421822499"><ele>151.4107282904416</ele><time>2026-09-22T14:19:36.043Z</time><course>89.85485</course><speed>1.4694442</speed><geoidheight>49.9</geoidheight><src>gps</src><sat>12</sat><hdop>1.0</hdop><vdop>1.3</vdop><pdop>1.6</pdop></trkpt><trkpt lat="48.065021630405184" lon="-1.9805948276870218"><ele>124.05953275621376</ele><time>2026-09-22T14:20:39.524Z</time><course>71.89105</course><speed>5.928741</speed><geoidheight>49.8</geoidheight><src>gps</src><sat>10</sat><hdop>1.6</hdop><vdop>1.8</vdop><pdop>2.4</pdop></trkpt><trkpt lat="48.062448" lon="-1.9774472"><ele>100.4000015258789</ele><time>2026-09-22T14:21:42.741Z</time><src>network</src></trkpt><trkpt lat="48.058100217494804" lon="-1.9777905204206248"><ele>105.62942833948625</ele><time>2026-09-22T14:22:46.537Z</time><course>164.22084</course><speed>7.9417644</speed><geoidheight>49.8</geoidheight><src>gps</src><sat>10</sat><hdop>2.5</hdop><vdop>2.1</vdop><pdop>3.2</pdop></trkpt><trkpt lat="48.05569624302732" lon="-1.9756487693590425"><ele>115.5134476309701</ele><time>2026-09-22T14:23:49.507Z</time><course>142.12569</course><speed>2.2741742</speed><geoidheight>49.8</geoidheight><src>gps</src><sat>11</sat><hdop>2.5</hdop><vdop>2.6</vdop><pdop>3.6</pdop></trkpt><trkpt lat="48.05312328434703" lon="-1.9742371405571466"><ele>93.69597678755353</ele><time>2026-09-22T14:24:53.917Z</time><course>155.45943</course><speed>6.347517</speed><geoidheight>49.8</geoidheight><src>gps</src><sat>10</sat><hdop>2.1</hdop><vdop>3.4</vdop><pdop>4.0</pdop></trkpt><trkpt lat="48.05037180733435" lon="-1.9732726433064531"><ele>127.37819959869476</ele><time>2026-09-22T14:25:58.749Z</time><course>156.04762</course><speed>5.7930317</speed><geoidheight>49.8</geoidheight><src>gps</src><sat>12</sat><hdop>1.5</hdop><vdop>1.7</vdop><pdop>2.3</pdop></trkpt><trkpt lat="48.04763002889814" lon="-1.9717072361854737"><ele>135.5761849509292</ele><time>2026-09-22T14:27:02.474Z</time><course>142.42975</course><speed>4.508741</speed><geoidheight>49.8</geoidheight><src>gps</src><sat>11</sat><hdop>1.0</hdop><vdop>1.1</vdop><pdop>1.5</pdop></trkpt><trkpt lat="48.046308958228934" lon="-1.9679679859464572"><ele>122.62172836064363</ele><time>2026-09-22T14:28:05.734Z</time><course>87.940506</course><speed>5.06069</speed><geoidheight>49.8</geoidheight><src>gps</src><sat>12</sat><hdop>1.8</hdop><vdop>1.4</vdop><pdop>2.3</pdop></trkpt><trkpt lat="48.04586126018854" lon="-1.9645124486115375"><ele>135.7387731404115</ele><time>2026-09-22T14:29:09.724Z</time><course>163.02086</course><speed>2.6743505</speed><geoidheight>49.8</geoidheight><src>gps</src><sat>12</sat><hdop>0.9</hdop><vdop>1.1</vdop><pdop>1.5</pdop></trkpt><trkpt lat="48.04388733882685" lon="-1.963335694289646"><ele>146.32886195162448</ele><time>2026-09-22T14:30:14.715Z</time><course>139.21735</course><speed>2.8836126</speed><geoidheight>49.8</geoidheight><src>gps</src><sat>12</sat><hdop>1.2</hdop><vdop>1.7</vdop><pdop>2.1</pdop></trkpt><trkpt lat="48.04259057118144" lon="-1.9603367832281215"><ele>144.08637527036942</ele><time>2026-09-22T14:31:18.765Z</time><course>120.14128</course><speed>5.229551</speed><geoidheight>49.8</geoidheight><src>gps</src><sat>12</sat><hdop>1.0</hdop><vdop>1.3</vdop><pdop>1.7</pdop></trkpt><trkpt lat="48.04032763786202" lon="-1.958915999339511"><ele>160.9466253461625</ele><time>2026-09-22T14:32:22.150Z</time><course>169.44196</course><speed>3.8084486</speed><geoidheight>49.8</geoidheight><src>gps</src><sat>12</sat><hdop>1.4</hdop><vdop>1.4</vdop><pdop>1.9</pdop></trkpt><trkpt lat="48.03842579871199" lon="-1.9581190678208413"><ele>186.27583044177044</ele><time>2026-09-22T14:33:26.720Z</time><course>164.3936</course><speed>2.487656</speed><geoidheight>49.8</geoidheight><src>gps</src><sat>12</sat><hdop>1.6</hdop><vdop>1.5</vdop><pdop>2.2</pdop></trkpt><trkpt lat="48.03698723112477" lon="-1.9574183058983092"><ele>172.9647252534892</ele><time>2026-09-22T14:34:30.699Z</time><course>153.419</course><speed>4.3078947</speed><geoidheight>49.8</geoidheight><src>gps</src><sat>10</sat><hdop>1.3</hdop><vdop>2.3</vdop><pdop>2.7</pdop></trkpt><trkpt lat="48.0361159137714" lon="-1.9567903636776356"><ele>182.62213211486818</ele><time>2026-09-22T14:35:31.000Z</time><speed>0.0</speed><geoidheight>49.8</geoidheight><src>gps</src><sat>11</sat><hdop>1.2</hdop><vdop>1.2</vdop><pdop>1.7</pdop></trkpt><trkpt lat="48.03586557166379" lon="-1.9566894895466393"><ele>170.64188023548928</ele><time>2026-09-22T14:36:35.601Z</time><course>153.85246</course><speed>4.1268287</speed><geoidheight>49.8</geoidheight><src>gps</src><sat>12</sat><hdop>1.1</hdop><vdop>1.2</vdop><pdop>1.6</pdop></trkpt><trkpt lat="48.03443137412054" lon="-1.9586646072455167"><ele>163.0567010938738</ele><time>2026-09-22T14:37:39.496Z</time><course>153.02522</course><speed>7.444461</speed><geoidheight>49.8</geoidheight><src>gps</src><sat>12</sat><hdop>1.1</hdop><vdop>1.3</vdop><pdop>1.6</pdop></trkpt><trkpt lat="48.03120822846008" lon="-1.9566585075703375"><ele>166.95572792971532</ele><time>2026-09-22T14:38:42.712Z</time><course>79.22879</course><speed>4.5100017</speed><geoidheight>49.8</geoidheight><src>gps</src><sat>10</sat><hdop>2.5</hdop><vdop>2.5</vdop><pdop>3.5</pdop></trkpt><trkpt lat="48.030610753376145" lon="-1.9510221724440937"><ele>155.95674246436448</ele><time>2026-09-22T14:39:46.421Z</time><course>128.80547</course><speed>10.619847</speed><geoidheight>49.8</geoidheight><src>gps</src><sat>12</sat><hdop>0.9</hdop><vdop>1.1</vdop><pdop>1.4</pdop></trkpt><trkpt lat="48.027733161599045" lon="-1.950419060471642"><ele>104.30728003835402</ele><time>2026-09-22T14:40:49.704Z</time><course>192.20111</course><speed>8.801186</speed><geoidheight>49.8</geoidheight><src>gps</src><sat>12</sat><hdop>1.6</hdop><vdop>2.2</vdop><pdop>2.7</pdop></trkpt><trkpt lat="48.02716525071045" lon="-1.9503340117742072"><ele>136.14288336770267</ele><time>2026-09-22T14:42:18.979Z</time><speed>0.0</speed><geoidheight>49.8</geoidheight><src>gps</src><sat>7</sat><hdop>1.5</hdop><vdop>1.9</vdop><pdop>2.4</pdop></trkpt><trkpt lat="48.02730853609176" lon="-1.9503952258322408"><ele>120.10345952052114</ele><time>2026-09-22T14:43:19.999Z</time><course>357.41312</course><speed>0.14530984</speed><geoidheight>49.8</geoidheight><src>gps</src><sat>24</sat><hdop>1.4</hdop><vdop>1.3</vdop><pdop>1.9</pdop></trkpt><trkpt lat="48.026856742845546" lon="-1.9511661405099772"><ele>129.2498659392278</ele><time>2026-09-22T14:44:22.841Z</time><course>248.79878</course><speed>1.7486084</speed><geoidheight>49.8</geoidheight><src>gps</src><sat>12</sat><hdop>1.0</hdop><vdop>1.4</vdop><pdop>1.7</pdop></trkpt><trkpt lat="48.02610674724911" lon="-1.9524604974014306"><ele>139.45397919339518</ele><time>2026-09-22T14:45:27.087Z</time><course>242.26196</course><speed>1.896898</speed><geoidheight>49.8</geoidheight><src>gps</src><sat>12</sat><hdop>1.0</hdop><vdop>1.3</vdop><pdop>1.7</pdop></trkpt><trkpt lat="48.02518376207647" lon="-1.9540488836856122"><ele>159.74778538046857</ele><time>2026-09-22T14:46:30.681Z</time><course>201.22636</course><speed>2.0056267</speed><geoidheight>49.8</geoidheight><src>gps</src><sat>12</sat><hdop>1.1</hdop><vdop>1.1</vdop><pdop>1.6</pdop></trkpt><trkpt lat="48.024805202029754" lon="-1.9540743916724643"><ele>150.609361231512</ele><time>2026-09-22T14:47:31.999Z</time><speed>0.0</speed><geoidheight>49.8</geoidheight><src>gps</src><sat>13</sat><hdop>1.3</hdop><vdop>1.4</vdop><pdop>1.9</pdop></trkpt><trkpt lat="48.024621437201965" lon="-1.9534964258999454"><ele>152.25243412916882</ele><time>2026-09-22T14:48:34.732Z</time><course>123.44706</course><speed>2.616051</speed><geoidheight>49.8</geoidheight><src>gps</src><sat>11</sat><hdop>1.9</hdop><vdop>1.3</vdop><pdop>2.3</pdop></trkpt><trkpt lat="48.02449739491859" lon="-1.9534569853420791"><ele>159.7355825922841</ele><time>2026-09-22T14:49:34.999Z</time><speed>0.0</speed><geoidheight>49.8</geoidheight><src>gps</src><sat>28</sat><hdop>0.8</hdop><vdop>1.1</vdop><pdop>1.4</pdop></trkpt><trkpt lat="48.023931898751385" lon="-1.951811815953421"><ele>163.62352346074087</ele><time>2026-09-22T14:50:38.896Z</time><course>131.08122</course><speed>4.2092714</speed><geoidheight>49.8</geoidheight><src>gps</src><sat>10</sat><hdop>2.3</hdop><vdop>1.5</vdop><pdop>2.7</pdop></trkpt><trkpt lat="48.022855204276745" lon="-1.9496680880986907"><ele>168.2820065638671</ele><time>2026-09-22T14:51:42.960Z</time><course>169.54158</course><speed>5.6392827</speed><geoidheight>49.8</geoidheight><src>gps</src><sat>12</sat><hdop>1.4</hdop><vdop>1.9</vdop><pdop>2.4</pdop></trkpt><trkpt lat="48.0206209" lon="-1.9486212"><ele>143.8000030517578</ele><time>2026-09-22T14:52:47.741Z</time><src>network</src></trkpt><trkpt lat="48.02116033465701" lon="-1.945557663284171"><ele>181.11190079201052</ele><time>2026-09-22T14:53:52.718Z</time><course>66.65531</course><speed>3.922536</speed><geoidheight>49.8</geoidheight><src>gps</src><sat>12</sat><hdop>1.5</hdop><vdop>1.3</vdop><pdop>2.0</pdop></trkpt><trkpt lat="48.02232177872462" lon="-1.9401821491508144"><ele>134.9206363127319</ele><time>2026-09-22T14:54:57.688Z</time><course>62.729736</course><speed>11.868081</speed><geoidheight>49.8</geoidheight><src>gps</src><sat>12</sat><hdop>1.5</hdop><vdop>1.4</vdop><pdop>2.0</pdop></trkpt><trkpt lat="48.0247985" lon="-1.9366208"><ele>126.80000305175781</ele><time>2026-09-22T14:56:01.117Z</time><src>network</src></trkpt><trkpt lat="48.0268536" lon="-1.9330674"><ele>131.10000610351562</ele><time>2026-09-22T14:57:04.742Z</time><src>network</src></trkpt><trkpt lat="48.03038923196798" lon="-1.9321090647934267"><ele>124.73822421501266</ele><time>2026-09-22T14:58:08.092Z</time><course>18.635345</course><speed>5.498169</speed><geoidheight>49.8</geoidheight><src>gps</src><sat>12</sat><hdop>1.0</hdop><vdop>1.2</vdop><pdop>1.6</pdop></trkpt><trkpt lat="48.03423729553522" lon="-1.9296059642207883"><ele>111.821893067762</ele><time>2026-09-22T14:59:12.029Z</time><course>329.4245</course><speed>4.8519735</speed><geoidheight>49.8</geoidheight><src>gps</src><sat>12</sat><hdop>1.4</hdop><vdop>1.6</vdop><pdop>2.2</pdop></trkpt><trkpt lat="48.035643331091784" lon="-1.9316860739150234"><ele>130.9456532677069</ele><time>2026-09-22T15:00:16.685Z</time><course>333.8758</course><speed>2.96491</speed><geoidheight>49.8</geoidheight><src>gps</src><sat>12</sat><hdop>1.5</hdop><vdop>1.5</vdop><pdop>2.1</pdop></trkpt><trkpt lat="48.03748134989278" lon="-1.930807859893406"><ele>137.5977350721512</ele><time>2026-09-22T15:01:21.868Z</time><course>32.666367</course><speed>3.0949042</speed><geoidheight>49.8</geoidheight><src>gps</src><sat>12</sat><hdop>1.6</hdop><vdop>1.3</vdop><pdop>2.1</pdop></trkpt><trkpt lat="48.03861575254347" lon="-1.928420606784035"><ele>140.08059349893867</ele><time>2026-09-22T15:02:25.316Z</time><course>92.312355</course><speed>5.215033</speed><geoidheight>49.8</geoidheight><src>gps</src><sat>11</sat><hdop>1.2</hdop><vdop>1.9</vdop><pdop>2.3</pdop></trkpt><trkpt lat="48.03908923935679" lon="-1.9238940102391686"><ele>141.638119153012</ele><time>2026-09-22T15:03:28.693Z</time><course>82.68218</course><speed>5.3919578</speed><geoidheight>49.8</geoidheight><src>gps</src><sat>12</sat><hdop>1.2</hdop><vdop>1.6</vdop><pdop>2.0</pdop></trkpt><trkpt lat="48.039445771294105" lon="-1.9191756734906364"><ele>150.94275931492137</ele><time>2026-09-22T15:04:32.187Z</time><course>86.66448</course><speed>5.2958446</speed><geoidheight>49.8</geoidheight><src>gps</src><sat>9</sat><hdop>1.3</hdop><vdop>2.7</vdop><pdop>3.0</pdop></trkpt><trkpt lat="48.040753549152456" lon="-1.91446018118925"><ele>141.653475214536</ele><time>2026-09-22T15:05:35.693Z</time><course>61.567543</course><speed>5.341028</speed><geoidheight>49.8</geoidheight><src>gps</src><sat>12</sat><hdop>1.1</hdop><vdop>1.9</vdop><pdop>2.2</pdop></trkpt><trkpt lat="48.0422817332415" lon="-1.9097291447370905"><ele>123.45454673302197</ele><time>2026-09-22T15:06:39.711Z</time><course>62.16826</course><speed>10.6734495</speed><geoidheight>49.8</geoidheight><src>gps</src><sat>12</sat><hdop>1.1</hdop><vdop>1.4</vdop><pdop>1.8</pdop></trkpt><trkpt lat="48.0444098220312" lon="-1.9043883903265812"><ele>91.99539275708999</ele><time>2026-09-22T15:07:43.068Z</time><course>80.870865</course><speed>6.288562</speed><geoidheight>49.8</geoidheight><src>gps</src><sat>10</sat><hdop>1.5</hdop><vdop>2.5</vdop><pdop>2.9</pdop></trkpt><trkpt lat="48.04491569907934" lon="-1.901762470392885"><ele>115.1513655392954</ele><time>2026-09-22T15:08:46.686Z</time><course>60.128506</course><speed>0.6128681</speed><geoidheight>49.8</geoidheight><src>gps</src><sat>12</sat><hdop>1.2</hdop><vdop>1.7</vdop><pdop>2.1</pdop></trkpt><trkpt lat="48.04482279513099" lon="-1.9018870861162502"><ele>93.68470310487449</ele><time>2026-09-22T15:09:47.000Z</time><speed>0.0</speed><geoidheight>49.8</geoidheight><src>gps</src><sat>22</sat><hdop>1.1</hdop><vdop>1.5</vdop><pdop>1.9</pdop></trkpt><trkpt lat="48.04524505664016" lon="-1.8989446873536913"><ele>101.7948670618611</ele><time>2026-09-22T15:10:50.698Z</time><course>80.259544</course><speed>4.6426015</speed><geoidheight>49.8</geoidheight><src>gps</src><sat>6</sat><hdop>4.1</hdop><vdop>3.1</vdop><pdop>5.2</pdop></trkpt><trkpt lat="48.0464676378482" lon="-1.894777143641806"><ele>99.45329505609907</ele><time>2026-09-22T15:11:54.663Z</time><course>73.704185</course><speed>4.9624043</speed><geoidheight>49.8</geoidheight><src>gps</src><sat>7</sat><hdop>4.1</hdop><vdop>3.0</vdop><pdop>5.0</pdop></trkpt><trkpt lat="48.04831421152144" lon="-1.891395662043952"><ele>103.40780912007891</ele><time>2026-09-22T15:12:58.032Z</time><course>45.037724</course><speed>4.585688</speed><geoidheight>49.8</geoidheight><src>gps</src><sat>10</sat><hdop>2.2</hdop><vdop>1.6</vdop><pdop>2.7</pdop></trkpt><trkpt lat="48.04978017124565" lon="-1.8888313312535499"><ele>118.22865777999684</ele><time>2026-09-22T15:14:01.729Z</time><course>81.51233</course><speed>3.6368067</speed><geoidheight>49.8</geoidheight><src>gps</src><sat>10</sat><hdop>1.5</hdop><vdop>2.2</vdop><pdop>2.7</pdop></trkpt><trkpt lat="48.0507245" lon="-1.8851068"><ele>94.4000015258789</ele><time>2026-09-22T15:15:05.729Z</time><src>network</src></trkpt><trkpt lat="48.0509934" lon="-1.883078"><ele>94.80000305175781</ele><time>2026-09-22T15:16:09.736Z</time><src>network</src></trkpt><trkpt lat="48.0503757747349" lon="-1.8774919156505396"><ele>110.56913908456588</ele><time>2026-09-22T15:17:13.673Z</time><course>113.83495</course><speed>4.128527</speed><geoidheight>49.8</geoidheight><src>gps</src><sat>12</sat><hdop>1.1</hdop><vdop>1.9</vdop><pdop>2.2</pdop></trkpt><trkpt lat="48.05007143140234" lon="-1.8736965089951532"><ele>117.6835490852015</ele><time>2026-09-22T15:18:17.591Z</time><course>98.73096</course><speed>4.56822</speed><geoidheight>49.7</geoidheight><src>gps</src><sat>11</sat><hdop>1.6</hdop><vdop>1.9</vdop><pdop>2.5</pdop></trkpt><trkpt lat="48.049760640408806" lon="-1.8704301891999118"><ele>118.59075390094212</ele><time>2026-09-22T15:19:20.688Z</time><course>104.270935</course><speed>2.1838841</speed><geoidheight>49.7</geoidheight><src>gps</src><sat>10</sat><hdop>1.4</hdop><vdop>1.9</vdop><pdop>2.4</pdop></trkpt><trkpt lat="48.04970934994491" lon="-1.8694037912777106"><ele>112.2670930346525</ele><time>2026-09-22T15:20:24.555Z</time><course>116.142204</course><speed>0.7801396</speed><geoidheight>49.7</geoidheight><src>gps</src><sat>12</sat><hdop>1.4</hdop><vdop>2.1</vdop><pdop>2.5</pdop></trkpt><trkpt lat="48.04912171542191" lon="-1.866176780129984"><ele>109.87216508784516</ele><time>2026-09-22T15:21:28.679Z</time><course>114.7707</course><speed>4.098721</speed><geoidheight>49.7</geoidheight><src>gps</src><sat>12</sat><hdop>1.3</hdop><vdop>1.5</vdop><pdop>2.0</pdop></trkpt><trkpt lat="48.04796604028889" lon="-1.8630440153531116"><ele>119.15038601586794</ele><time>2026-09-22T15:22:32.031Z</time><course>122.016914</course><speed>4.171413</speed><geoidheight>49.7</geoidheight><src>gps</src><sat>12</sat><hdop>1.1</hdop><vdop>2.0</vdop><pdop>2.3</pdop></trkpt><trkpt lat="48.046972446583155" lon="-1.8589188727687709"><ele>107.55940309336748</ele><time>2026-09-22T15:23:35.690Z</time><course>113.5801</course><speed>6.327092</speed><geoidheight>49.7</geoidheight><src>gps</src><sat>12</sat><hdop>1.3</hdop><vdop>1.9</vdop><pdop>2.3</pdop></trkpt><trkpt lat="48.0465056" lon="-1.8548355"><ele>103.30000305175781</ele><time>2026-09-22T15:24:39.087Z</time><src>network</src></trkpt><trkpt lat="48.045655370424704" lon="-1.8490666768584152"><ele>116.01043308163554</ele><time>2026-09-22T15:25:42.838Z</time><course>105.02496</course><speed>7.7325454</speed><geoidheight>49.7</geoidheight><src>gps</src><sat>11</sat><hdop>2.4</hdop><vdop>2.5</vdop><pdop>3.4</pdop></trkpt><trkpt lat="48.042514791765335" lon="-1.8447032127901768"><ele>100.16508815129967</ele><time>2026-09-22T15:26:47.679Z</time><course>134.46588</course><speed>4.7519083</speed><geoidheight>49.7</geoidheight><src>gps</src><sat>12</sat><hdop>1.3</hdop><vdop>1.9</vdop><pdop>2.3</pdop></trkpt><trkpt lat="48.040411495202065" lon="-1.8415228462006143"><ele>100.79841846232759</ele><time>2026-09-22T15:27:51.130Z</time><course>134.32805</course><speed>6.167194</speed><geoidheight>49.7</geoidheight><src>gps</src><sat>10</sat><hdop>1.7</hdop><vdop>2.2</vdop><pdop>2.7</pdop></trkpt><trkpt lat="48.0378458" lon="-1.8373816"><ele>85.5999984741211</ele><time>2026-09-22T15:28:55.746Z</time><src>network</src></trkpt><trkpt lat="48.0363875" lon="-1.8338872"><ele>100.0999984741211</ele><time>2026-09-22T15:29:59.733Z</time><src>network</src></trkpt><trkpt lat="48.03517134464153" lon="-1.8307729046714558"><ele>112.57433052082123</ele><time>2026-09-22T15:31:03.669Z</time><course>105.53098</course><speed>4.231935</speed><geoidheight>49.7</geoidheight><src>gps</src><sat>10</sat><hdop>1.3</hdop><vdop>2.2</vdop><pdop>2.5</pdop></trkpt><trkpt lat="48.03506613137803" lon="-1.8260314717113257"><ele>109.43196055499115</ele><time>2026-09-22T15:32:07.378Z</time><course>89.55142</course><speed>6.212325</speed><geoidheight>49.7</geoidheight><src>gps</src><sat>9</sat><hdop>1.7</hdop><vdop>2.4</vdop><pdop>2.9</pdop></trkpt><trkpt lat="48.03505809130659" lon="-1.8204101345291657"><ele>100.40890225240058</ele><time>2026-09-22T15:33:10.679Z</time><course>106.54729</course><speed>6.9266753</speed><geoidheight>49.7</geoidheight><src>gps</src><sat>10</sat><hdop>1.6</hdop><vdop>2.4</vdop><pdop>2.8</pdop></trkpt><trkpt lat="48.03378408859515" lon="-1.815350816831123"><ele>90.76214663990004</ele><time>2026-09-22T15:34:15.671Z</time><course>110.69311</course><speed>5.851728</speed><geoidheight>49.7</geoidheight><src>gps</src><sat>12</sat><hdop>1.3</hdop><vdop>1.8</vdop><pdop>2.2</pdop></trkpt><trkpt lat="48.03269445184762" lon="-1.8113370070043577"><ele>117.79330882673626</ele><time>2026-09-22T15:35:19.662Z</time><course>105.10128</course><speed>4.2727065</speed><geoidheight>49.7</geoidheight><src>gps</src><sat>12</sat><hdop>1.3</hdop><vdop>1.8</vdop><pdop>2.2</pdop></trkpt><trkpt lat="48.03572369440972" lon="-1.809697765596115"><ele>91.75318078534399</ele><time>2026-09-22T15:36:23.656Z</time><course>19.099327</course><speed>6.4839134</speed><geoidheight>49.7</geoidheight><src>gps</src><sat>11</sat><hdop>1.3</hdop><vdop>2.2</vdop><pdop>2.5</pdop></trkpt><trkpt lat="48.04033078620276" lon="-1.8076636768723624"><ele>86.03470099785187</ele><time>2026-09-22T15:37:27.676Z</time><course>15.865435</course><speed>6.928631</speed><geoidheight>49.7</geoidheight><src>gps</src><sat>12</sat><hdop>1.3</hdop><vdop>1.9</vdop><pdop>2.3</pdop></trkpt><trkpt lat="48.04329509469063" lon="-1.8061840129676308"><ele>82.35047944345284</ele><time>2026-09-22T15:38:32.676Z</time><course>21.929401</course><speed>4.490436</speed><geoidheight>49.7</geoidheight><src>gps</src><sat>12</sat><hdop>1.6</hdop><vdop>2.7</vdop><pdop>3.1</pdop></trkpt><trkpt lat="48.04644519822625" lon="-1.8047942250443696"><ele>81.04626755439497</ele><time>2026-09-22T15:39:32.999Z</time><course>12.9537945</course><speed>5.616022</speed><geoidheight>49.7</geoidheight><src>gps</src><sat>29</sat><hdop>1.3</hdop><vdop>2.1</vdop><pdop>2.4</pdop></trkpt><trkpt lat="48.04825911303066" lon="-1.8011187671839872"><ele>78.90758618627804</ele><time>2026-09-22T15:40:33.999Z</time><course>65.804886</course><speed>5.704088</speed><geoidheight>49.7</geoidheight><src>gps</src><sat>26</sat><hdop>1.4</hdop><vdop>2.4</vdop><pdop>2.8</pdop></trkpt><trkpt lat="48.0501" lon="-1.797473"><ele>73.5</ele><time>2026-09-22T15:41:34.138Z</time><src>network</src></trkpt><trkpt lat="48.05053394367028" lon="-1.7932892537163478"><ele>93.33549212564495</ele><time>2026-09-22T15:42:37.694Z</time><course>69.07876</course><speed>4.4879885</speed><geoidheight>49.7</geoidheight><src>gps</src><sat>9</sat><hdop>3.1</hdop><vdop>5.7</vdop><pdop>6.5</pdop></trkpt><trkpt lat="48.0520639" lon="-1.7905708"><ele>84.19999694824219</ele><time>2026-09-22T15:43:41.204Z</time><src>network</src></trkpt><trkpt lat="48.0525537" lon="-1.7873254"><ele>83.19999694824219</ele><time>2026-09-22T15:44:44.341Z</time><src>network</src></trkpt><trkpt lat="48.0544835" lon="-1.7828824"><ele>76.69999694824219</ele><time>2026-09-22T15:45:47.752Z</time><src>network</src></trkpt><trkpt lat="48.05611791840001" lon="-1.7781866611948767"><ele>99.03377029875419</ele><time>2026-09-22T15:46:51.647Z</time><course>67.29013</course><speed>4.8918624</speed><geoidheight>49.7</geoidheight><src>gps</src><sat>11</sat><hdop>1.8</hdop><vdop>2.0</vdop><pdop>2.7</pdop></trkpt><trkpt lat="48.057008114673856" lon="-1.7742655876420217"><ele>77.89418416672173</ele><time>2026-09-22T15:47:56.859Z</time><course>100.513</course><speed>5.340261</speed><geoidheight>49.7</geoidheight><src>gps</src><sat>12</sat><hdop>1.2</hdop><vdop>1.8</vdop><pdop>2.2</pdop></trkpt><trkpt lat="48.05693001523666" lon="-1.7732910959130377"><ele>72.02155685468766</ele><time>2026-09-22T15:49:01.637Z</time><course>71.17344</course><speed>0.32537878</speed><geoidheight>49.7</geoidheight><src>gps</src><sat>12</sat><hdop>1.0</hdop><vdop>1.5</vdop><pdop>1.8</pdop></trkpt><trkpt lat="48.0569100114048" lon="-1.7733365014837692"><ele>89.23234724124404</ele><time>2026-09-22T15:50:05.908Z</time><course>320.85907</course><speed>0.15511613</speed><geoidheight>49.7</geoidheight><src>gps</src><sat>10</sat><hdop>1.3</hdop><vdop>2.0</vdop><pdop>2.3</pdop></trkpt><trkpt lat="48.05696277333435" lon="-1.773423991855249"><ele>85.36400594843259</ele><time>2026-09-22T15:51:09.418Z</time><course>190.41278</course><speed>0.1879438</speed><geoidheight>49.7</geoidheight><src>gps</src><hdop>1.9</hdop><vdop>1.9</vdop><pdop>2.7</pdop></trkpt><trkpt lat="48.05758759054817" lon="-1.7707882400618662"><ele>94.8928675531747</ele><time>2026-09-22T15:52:12.921Z</time><course>104.89112</course><speed>3.1638138</speed><geoidheight>49.6</geoidheight><src>gps</src><sat>12</sat><hdop>1.0</hdop><vdop>1.6</vdop><pdop>1.9</pdop></trkpt><trkpt lat="48.0586102250876" lon="-1.7678611557126656"><ele>87.12914595972347</ele><time>2026-09-22T15:53:17.406Z</time><course>34.321934</course><speed>4.5801654</speed><geoidheight>49.6</geoidheight><src>gps</src><sat>12</sat><hdop>1.1</hdop><vdop>2.1</vdop><pdop>2.4</pdop></trkpt><trkpt lat="48.06109583070825" lon="-1.7672134350868105"><ele>74.90078006257204</ele><time>2026-09-22T15:54:20.901Z</time><course>352.84515</course><speed>4.547968</speed><geoidheight>49.6</geoidheight><src>gps</src><sat>9</sat><hdop>3.7</hdop><vdop>5.3</vdop><pdop>6.4</pdop></trkpt><trkpt lat="48.0641428581456" lon="-1.7670828321068006"><ele>75.16970574347644</ele><time>2026-09-22T15:55:25.393Z</time><course>5.7991714</course><speed>5.525355</speed><geoidheight>49.6</geoidheight><src>gps</src><sat>12</sat><hdop>1.1</hdop><vdop>2.1</vdop><pdop>2.4</pdop></trkpt><trkpt lat="48.06570659810958" lon="-1.7646775042121237"><ele>84.19899742514298</ele><time>2026-09-22T15:56:28.872Z</time><course>98.08758</course><speed>4.4327946</speed><geoidheight>49.6</geoidheight><src>gps</src><sat>8</sat><hdop>4.7</hdop><vdop>6.4</vdop><pdop>7.9</pdop></trkpt><trkpt lat="48.06537769632514" lon="-1.760472693239577"><ele>79.01493772228642</ele><time>2026-09-22T15:57:33.298Z</time><course>51.550632</course><speed>3.550511</speed><geoidheight>49.6</geoidheight><src>gps</src><sat>10</sat><hdop>1.2</hdop><vdop>2.4</vdop><pdop>2.6</pdop></trkpt><trkpt lat="48.067383063270476" lon="-1.7582983539309467"><ele>99.75680956866084</ele><time>2026-09-22T15:58:37.739Z</time><course>32.67629</course><speed>5.6325502</speed><geoidheight>49.6</geoidheight><src>gps</src><sat>10</sat><hdop>1.8</hdop><vdop>3.3</vdop><pdop>3.7</pdop></trkpt><trkpt lat="48.06994705733951" lon="-1.7588662767002006"><ele>88.64632732517202</ele><time>2026-09-22T15:59:41.221Z</time><course>325.85236</course><speed>5.3022256</speed><geoidheight>49.6</geoidheight><src>gps</src><sat>11</sat><hdop>1.7</hdop><vdop>1.7</vdop><pdop>2.4</pdop></trkpt><trkpt lat="48.07210241356913" lon="-1.758553995585279"><ele>112.3343363298092</ele><time>2026-09-22T16:00:44.725Z</time><course>92.29701</course><speed>0.4264753</speed><geoidheight>49.6</geoidheight><src>gps</src><sat>9</sat><hdop>1.6</hdop><vdop>2.4</vdop><pdop>2.9</pdop></trkpt><trkpt lat="48.07250144429771" lon="-1.7573839232192274"><ele>79.28761556588297</ele><time>2026-09-22T16:01:48.134Z</time><course>37.52355</course><speed>4.9595003</speed><geoidheight>49.6</geoidheight><src>gps</src><sat>12</sat><hdop>1.1</hdop><vdop>1.7</vdop><pdop>2.0</pdop></trkpt><trkpt lat="48.07478720474554" lon="-1.7548562683833546"><ele>92.03060056820476</ele><time>2026-09-22T16:02:51.597Z</time><course>26.401405</course><speed>4.9465785</speed><geoidheight>49.6</geoidheight><src>gps</src><sat>9</sat><hdop>1.8</hdop><vdop>2.0</vdop><pdop>2.7</pdop></trkpt><trkpt lat="48.07719719469026" lon="-1.7526520881149954"><ele>98.74572576162015</ele><time>2026-09-22T16:03:55.060Z</time><course>26.92289</course><speed>4.572095</speed><geoidheight>49.6</geoidheight><src>gps</src><sat>12</sat><hdop>0.9</hdop><vdop>1.1</vdop><pdop>1.5</pdop></trkpt><trkpt lat="48.079861737314026" lon="-1.75206432975724"><ele>93.85700819155606</ele><time>2026-09-22T16:04:58.501Z</time><course>47.039173</course><speed>5.4737744</speed><geoidheight>49.6</geoidheight><src>gps</src><sat>12</sat><hdop>1.0</hdop><vdop>1.6</vdop><pdop>1.9</pdop></trkpt><trkpt lat="48.08260662499644" lon="-1.7509126174505014"><ele>83.65880300582995</ele><time>2026-09-22T16:06:02.002Z</time><course>23.844278</course><speed>5.8546896</speed><geoidheight>49.6</geoidheight><src>gps</src><sat>9</sat><hdop>2.9</hdop><vdop>4.4</vdop><pdop>5.3</pdop></trkpt><trkpt lat="48.085691605520914" lon="-1.7509508548379924"><ele>96.5840118271337</ele><time>2026-09-22T16:07:05.452Z</time><course>334.26498</course><speed>5.067853</speed><geoidheight>49.6</geoidheight><src>gps</src><sat>12</sat><hdop>1.1</hdop><vdop>1.6</vdop><pdop>1.9</pdop></trkpt><trkpt lat="48.08614053626737" lon="-1.7513621804492603"><ele>92.94399798513831</ele><time>2026-09-22T16:08:05.999Z</time><course>350.12305</course><speed>0.0</speed><geoidheight>49.6</geoidheight><src>gps</src><sat>22</sat><hdop>1.0</hdop><vdop>1.4</vdop><pdop>1.7</pdop></trkpt><trkpt lat="48.08655733114132" lon="-1.7516738488273387"><ele>88.6513696700612</ele><time>2026-09-22T16:09:10.408Z</time><course>333.7785</course><speed>4.9234114</speed><geoidheight>49.6</geoidheight><src>gps</src><sat>10</sat><hdop>1.8</hdop><vdop>3.9</vdop><pdop>4.2</pdop></trkpt><trkpt lat="48.08941547644827" lon="-1.752149976134854"><ele>114.55672170199266</ele><time>2026-09-22T16:10:13.897Z</time><course>26.514307</course><speed>5.1447554</speed><geoidheight>49.6</geoidheight><src>gps</src><sat>10</sat><hdop>1.8</hdop><vdop>1.9</vdop><pdop>2.6</pdop></trkpt><trkpt lat="48.09222708503138" lon="-1.7502693443562591"><ele>92.33073435299538</ele><time>2026-09-22T16:11:17.372Z</time><course>47.955597</course><speed>5.3856735</speed><geoidheight>49.6</geoidheight><src>gps</src><sat>11</sat><hdop>1.7</hdop><vdop>1.7</vdop><pdop>2.4</pdop></trkpt><trkpt lat="48.093794801470715" lon="-1.7466299211042158"><ele>94.81213984889517</ele><time>2026-09-22T16:12:20.857Z</time><course>49.649437</course><speed>3.1544256</speed><geoidheight>49.6</geoidheight><src>gps</src><sat>12</sat><hdop>1.1</hdop><vdop>1.5</vdop><pdop>1.9</pdop></trkpt><trkpt lat="48.0962355000337" lon="-1.7449423930348449"><ele>88.01286563730147</ele><time>2026-09-22T16:13:24.367Z</time><course>16.205269</course><speed>5.1997952</speed><geoidheight>49.6</geoidheight><src>gps</src><sat>12</sat><hdop>1.1</hdop><vdop>1.4</vdop><pdop>1.8</pdop></trkpt><trkpt lat="48.09902974903143" lon="-1.7434855193031937"><ele>74.36476228558539</ele><time>2026-09-22T16:14:28.897Z</time><course>42.47291</course><speed>5.3718786</speed><geoidheight>49.6</geoidheight><src>gps</src><sat>12</sat><hdop>1.4</hdop><vdop>1.9</vdop><pdop>2.3</pdop></trkpt><trkpt lat="48.10098400715181" lon="-1.7402252852979079"><ele>80.82051691568472</ele><time>2026-09-22T16:15:33.333Z</time><course>71.46582</course><speed>6.0198045</speed><geoidheight>49.6</geoidheight><src>gps</src><sat>12</sat><hdop>1.0</hdop><vdop>1.8</vdop><pdop>2.1</pdop></trkpt><trkpt lat="48.1014429" lon="-1.7351586"><ele>73.9000015258789</ele><time>2026-09-22T16:16:36.109Z</time><src>network</src></trkpt><trkpt lat="48.09922010760685" lon="-1.7316351470129778"><ele>88.26446492809193</ele><time>2026-09-22T16:17:39.967Z</time><course>81.58896</course><speed>4.798049</speed><geoidheight>49.6</geoidheight><src>gps</src><sat>11</sat><hdop>1.3</hdop><vdop>1.8</vdop><pdop>2.2</pdop></trkpt><trkpt lat="48.10046017088523" lon="-1.7276933510434531"><ele>92.35932520383848</ele><time>2026-09-22T16:18:43.498Z</time><course>88.698204</course><speed>4.8049006</speed><geoidheight>49.6</geoidheight><src>gps</src><sat>8</sat><hdop>1.9</hdop><vdop>2.9</vdop><pdop>3.4</pdop></trkpt><trkpt lat="48.101462172959216" lon="-1.7232378215040365"><ele>81.99061212167575</ele><time>2026-09-22T16:19:47.987Z</time><course>65.45331</course><speed>5.2307673</speed><geoidheight>49.6</geoidheight><src>gps</src><sat>12</sat><hdop>1.5</hdop><vdop>1.3</vdop><pdop>2.0</pdop></trkpt><trkpt lat="48.10345986511988" lon="-1.720271694759562"><ele>86.92076968727206</ele><time>2026-09-22T16:20:52.455Z</time><course>68.5765</course><speed>3.3934886</speed><geoidheight>49.6</geoidheight><src>gps</src><sat>12</sat><hdop>1.0</hdop><vdop>1.9</vdop><pdop>2.1</pdop></trkpt><trkpt lat="48.10539542290604" lon="-1.716663362994238"><ele>85.1956700191009</ele><time>2026-09-22T16:22:01.918Z</time><course>35.25083</course><speed>3.969177</speed><geoidheight>49.6</geoidheight><src>gps</src><sat>12</sat><hdop>1.3</hdop><vdop>1.7</vdop><pdop>2.2</pdop></trkpt><trkpt lat="48.10674728779373" lon="-1.7144318927790982"><ele>89.76303000803271</ele><time>2026-09-22T16:23:05.384Z</time><course>97.42936</course><speed>3.6983323</speed><geoidheight>49.6</geoidheight><src>gps</src><sat>12</sat><hdop>1.1</hdop><vdop>1.2</vdop><pdop>1.7</pdop></trkpt><trkpt lat="48.107465104839925" lon="-1.7101896735094888"><ele>91.5538629220529</ele><time>2026-09-22T16:24:08.835Z</time><course>43.153263</course><speed>5.032532</speed><geoidheight>49.6</geoidheight><src>gps</src><sat>10</sat><hdop>2.8</hdop><vdop>4.9</vdop><pdop>5.6</pdop></trkpt><trkpt lat="48.1075086" lon="-1.7059473"><ele>74.30000305175781</ele><time>2026-09-22T16:25:11.638Z</time><src>network</src></trkpt><trkpt lat="48.1077631" lon="-1.702618"><ele>76.30000305175781</ele><time>2026-09-22T16:26:15.052Z</time><src>network</src></trkpt><trkpt lat="48.1087763" lon="-1.6984742"><ele>80.5999984741211</ele><time>2026-09-22T16:27:18.207Z</time><src>network</src></trkpt><trkpt lat="48.1079146" lon="-1.6966141"><ele>78.30000305175781</ele><time>2026-09-22T16:28:21.810Z</time><src>network</src></trkpt><trkpt lat="48.1104747" lon="-1.6945242"><ele>76.69999694824219</ele><time>2026-09-22T16:29:25.148Z</time><src>network</src></trkpt><trkpt lat="48.1109729" lon="-1.6929013"><ele>76.69999694824219</ele><time>2026-09-22T16:30:23.628Z</time><src>network</src></trkpt><trkpt lat="48.1109528" lon="-1.6930106"><ele>76.69999694824219</ele><time>2026-09-22T16:31:29.035Z</time><src>network</src></trkpt><trkpt lat="48.1110451" lon="-1.6929947"><ele>76.69999694824219</ele><time>2026-09-22T16:32:32.711Z</time><src>network</src></trkpt><trkpt lat="48.1102838" lon="-1.6926901"><ele>76.0</ele><time>2026-09-22T16:33:32.730Z</time><src>network</src></trkpt><trkpt lat="48.1092702" lon="-1.6918441"><ele>74.9000015258789</ele><time>2026-09-22T16:34:36.194Z</time><src>network</src></trkpt><trkpt lat="48.1098832" lon="-1.688431"><ele>75.4000015258789</ele><time>2026-09-22T16:35:39.264Z</time><src>network</src></trkpt><trkpt lat="48.11036838526844" lon="-1.684964011579226"><ele>95.30144532970034</ele><time>2026-09-22T16:36:42.810Z</time><course>85.21601</course><speed>4.0588717</speed><geoidheight>49.6</geoidheight><src>gps</src><sat>12</sat><hdop>1.2</hdop><vdop>1.5</vdop><pdop>1.9</pdop></trkpt><trkpt lat="48.1101042" lon="-1.6813242"><ele>78.0999984741211</ele><time>2026-09-22T16:37:46.335Z</time><src>network</src></trkpt><trkpt lat="48.10993294220483" lon="-1.677820506939855"><ele>100.49162925090617</ele><time>2026-09-22T16:38:50.853Z</time><course>140.21855</course><speed>0.5848488</speed><geoidheight>49.5</geoidheight><src>gps</src><sat>12</sat><hdop>1.5</hdop><vdop>1.7</vdop><pdop>2.2</pdop></trkpt><trkpt lat="48.1101629" lon="-1.6748565"><ele>77.4000015258789</ele><time>2026-09-22T16:39:54.374Z</time><src>network</src></trkpt><trkpt lat="48.10787652555649" lon="-1.6729515193898108"><ele>121.7444499225506</ele><time>2026-09-22T16:40:58.828Z</time><course>107.04152</course><speed>5.609519</speed><geoidheight>49.5</geoidheight><src>gps</src><sat>10</sat><hdop>1.4</hdop><vdop>1.7</vdop><pdop>2.2</pdop></trkpt><trkpt lat="48.1067362" lon="-1.6692188"><ele>77.19999694824219</ele><time>2026-09-22T16:42:02.400Z</time><src>network</src></trkpt><trkpt lat="48.1048508" lon="-1.6648471"><ele>83.9000015258789</ele><time>2026-09-22T16:43:05.627Z</time><src>network</src></trkpt><trkpt lat="48.10389320401712" lon="-1.6633939347331468"><ele>122.09657967138199</ele><time>2026-09-22T16:44:09.757Z</time><course>133.54776</course><speed>7.420406</speed><geoidheight>49.5</geoidheight><src>gps</src><sat>12</sat><hdop>1.5</hdop><vdop>1.8</vdop><pdop>2.4</pdop></trkpt><trkpt lat="48.1027111" lon="-1.6624669"><ele>89.0</ele><time>2026-09-22T16:45:13.357Z</time><src>network</src></trkpt><trkpt lat="48.102483" lon="-1.662445"><ele>94.0</ele><time>2026-09-22T16:47:02.823Z</time><src>network</src></trkpt><trkpt lat="48.1023319" lon="-1.6623847"><ele>97.69999694824219</ele><time>2026-09-22T16:48:05.972Z</time><src>network</src></trkpt><trkpt lat="48.102344" lon="-1.6624104"><ele>97.69999694824219</ele><time>2026-09-22T16:49:09.206Z</time><src>network</src></trkpt><trkpt lat="48.1023666" lon="-1.662417"><ele>97.69999694824219</ele><time>2026-09-22T16:50:12.388Z</time><src>network</src></trkpt><trkpt lat="48.1023611" lon="-1.662421"><ele>97.69999694824219</ele><time>2026-09-22T16:51:15.638Z</time><src>network</src></trkpt><trkpt lat="48.1023546" lon="-1.6624182"><ele>97.69999694824219</ele><time>2026-09-22T16:52:18.830Z</time><src>network</src></trkpt><trkpt lat="48.1023045" lon="-1.6623938"><ele>97.69999694824219</ele><time>2026-09-22T16:53:22.738Z</time><src>network</src></trkpt><trkpt lat="48.1023579" lon="-1.6624167"><ele>97.69999694824219</ele><time>2026-09-22T16:54:26.730Z</time><src>network</src></trkpt><trkpt lat="48.1023461" lon="-1.6624059"><ele>97.69999694824219</ele><time>2026-09-22T16:55:35.465Z</time><src>network</src></trkpt><trkpt lat="48.102282" lon="-1.6623649"><ele>97.69999694824219</ele><time>2026-09-22T16:56:39.056Z</time><src>network</src></trkpt><trkpt lat="48.1022948" lon="-1.6623842"><ele>97.69999694824219</ele><time>2026-09-22T16:57:42.648Z</time><src>network</src></trkpt><trkpt lat="48.1023672" lon="-1.6623849"><ele>97.80000305175781</ele><time>2026-09-29T09:28:05.158Z</time><src>network</src></trkpt><trkpt lat="48.1023636" lon="-1.6623769"><ele>97.80000305175781</ele><time>2026-09-29T10:55:59.087Z</time><src>network</src></trkpt><trkpt lat="48.1145413" lon="-1.6578465"><ele>84.5999984741211</ele><time>2026-09-29T14:35:22.396Z</time><src>network</src></trkpt><trkpt lat="48.1146989" lon="-1.6572839"><ele>85.30000305175781</ele><time>2026-09-29T14:36:26.876Z</time><src>network</src></trkpt><trkpt lat="48.1147011" lon="-1.6572763"><ele>85.30000305175781</ele><time>2026-09-29T14:37:30.064Z</time><src>network</src></trkpt><trkpt lat="48.1147615" lon="-1.657306"><ele>85.19999694824219</ele><time>2026-09-29T14:38:33.859Z</time><src>network</src></trkpt><trkpt lat="48.1147536" lon="-1.6572981"><ele>85.19999694824219</ele><time>2026-09-29T14:39:37.040Z</time><src>network</src></trkpt><trkpt lat="48.1147582" lon="-1.6573062"><ele>85.19999694824219</ele><time>2026-09-29T14:40:41.453Z</time><src>network</src></trkpt><trkpt lat="48.1147499" lon="-1.6573003"><ele>85.19999694824219</ele><time>2026-09-29T14:41:45.867Z</time><src>network</src></trkpt><trkpt lat="48.1147355" lon="-1.6573089"><ele>85.30000305175781</ele><time>2026-09-29T14:42:48.944Z</time><src>network</src></trkpt><trkpt lat="48.1147572" lon="-1.6573065"><ele>85.19999694824219</ele><time>2026-09-29T14:43:52.126Z</time><src>network</src></trkpt><trkpt lat="48.1147408" lon="-1.6573925"><ele>85.19999694824219</ele><time>2026-09-29T14:44:55.299Z</time><src>network</src></trkpt><trkpt lat="48.1147023" lon="-1.6572744"><ele>85.19999694824219</ele><time>2026-09-29T14:45:58.480Z</time><src>network</src></trkpt><trkpt lat="48.1147014" lon="-1.6572627"><ele>85.19999694824219</ele><time>2026-09-29T14:47:01.858Z</time><src>network</src></trkpt><trkpt lat="48.1147035" lon="-1.6572694"><ele>85.19999694824219</ele><time>2026-09-29T14:48:05.032Z</time><src>network</src></trkpt><trkpt lat="48.1147094" lon="-1.657285"><ele>85.19999694824219</ele><time>2026-09-29T14:49:08.843Z</time><src>network</src></trkpt><trkpt lat="48.1147058" lon="-1.6573034"><ele>85.19999694824219</ele><time>2026-09-29T14:50:12.846Z</time><src>network</src></trkpt><trkpt lat="48.1147296" lon="-1.6573618"><ele>85.19999694824219</ele><time>2026-09-29T14:51:16.023Z</time><src>network</src></trkpt><trkpt lat="48.1147403" lon="-1.6574107"><ele>85.19999694824219</ele><time>2026-09-29T14:52:20.435Z</time><src>network</src></trkpt><trkpt lat="48.114722" lon="-1.6573186"><ele>85.19999694824219</ele><time>2026-09-29T14:53:23.820Z</time><src>network</src></trkpt><trkpt lat="48.1146747" lon="-1.6573846"><ele>85.0999984741211</ele><time>2026-09-29T14:54:26.993Z</time><src>network</src></trkpt><trkpt lat="48.1145885" lon="-1.6577954"><ele>84.5999984741211</ele><time>2026-09-29T14:55:30.668Z</time><src>network</src></trkpt><trkpt lat="48.1145775" lon="-1.6578355"><ele>84.5999984741211</ele><time>2026-09-29T14:56:34.841Z</time><src>network</src></trkpt><trkpt lat="48.11354845793599" lon="-1.6610919546117315"><ele>88.90969585806829</ele><time>2026-09-29T14:57:38.577Z</time><course>229.16978</course><speed>3.8517048</speed><geoidheight>49.5</geoidheight><src>gps</src><sat>10</sat><hdop>1.4</hdop><vdop>2.2</vdop><pdop>2.6</pdop></trkpt><trkpt lat="48.1127183" lon="-1.6647855"><ele>80.9000015258789</ele><time>2026-09-29T14:58:42.916Z</time><src>network</src></trkpt><trkpt lat="48.1124223" lon="-1.6689371"><ele>80.4000015258789</ele><time>2026-09-29T14:59:46.864Z</time><src>network</src></trkpt><trkpt lat="48.1126489" lon="-1.6733498"><ele>87.19999694824219</ele><time>2026-09-29T15:00:50.863Z</time><src>network</src></trkpt><trkpt lat="48.1135413" lon="-1.6752473"><ele>94.5999984741211</ele><time>2026-09-29T15:01:54.400Z</time><src>network</src></trkpt><trkpt lat="48.11443634431846" lon="-1.6735223637180274"><ele>114.668314145125</ele><time>2026-09-29T15:02:59.542Z</time><course>85.30041</course><speed>1.5542073</speed><geoidheight>49.5</geoidheight><src>gps</src><sat>10</sat><hdop>1.0</hdop><vdop>2.0</vdop><pdop>2.3</pdop></trkpt><trkpt lat="48.11440649840225" lon="-1.6733022658712384"><ele>100.12969726011288</ele><time>2026-09-29T15:04:00.000Z</time><course>1.1984104</course><speed>0.16741683</speed><geoidheight>49.5</geoidheight><src>gps</src><sat>24</sat><hdop>1.0</hdop><vdop>1.3</vdop><pdop>1.6</pdop></trkpt><trkpt lat="48.11454181519991" lon="-1.6738702979129547"><ele>130.00996856002732</ele><time>2026-09-29T15:05:04.489Z</time><course>145.69301</course><speed>1.5040665</speed><geoidheight>49.5</geoidheight><src>gps</src><sat>12</sat><hdop>0.9</hdop><vdop>1.9</vdop><pdop>2.1</pdop></trkpt><trkpt lat="48.114775" lon="-1.6743585"><ele>99.80000305175781</ele><time>2026-09-29T15:06:08.802Z</time><src>network</src></trkpt><trkpt lat="48.1149903" lon="-1.6768065"><ele>94.30000305175781</ele><time>2026-09-29T15:07:12.782Z</time><src>network</src></trkpt><trkpt lat="48.1136981" lon="-1.6773956"><ele>92.0</ele><time>2026-09-29T15:08:15.830Z</time><src>network</src></trkpt><trkpt lat="48.11237641404138" lon="-1.6778282162667852"><ele>73.59151011795099</ele><time>2026-09-29T15:09:21.077Z</time><course>256.653</course><speed>6.836605</speed><geoidheight>49.5</geoidheight><src>gps</src><sat>7</sat><hdop>3.1</hdop><vdop>5.4</vdop><pdop>6.2</pdop></trkpt><trkpt lat="48.1123558" lon="-1.6781632"><ele>85.9000015258789</ele><time>2026-09-29T15:10:25.319Z</time><src>network</src></trkpt><trkpt lat="48.1104961" lon="-1.6778612"><ele>78.9000015258789</ele><time>2026-09-29T15:11:29.820Z</time><src>network</src></trkpt><trkpt lat="48.11026323739722" lon="-1.6783618187535503"><ele>91.40278278926914</ele><time>2026-09-29T15:12:30.999Z</time><speed>0.0</speed><geoidheight>49.5</geoidheight><src>gps</src><sat>11</sat><hdop>1.4</hdop><vdop>1.5</vdop><pdop>2.1</pdop></trkpt><trkpt lat="48.1093435" lon="-1.6778006"><ele>77.19999694824219</ele><time>2026-09-29T15:13:35.803Z</time><src>network</src></trkpt><trkpt lat="48.1093007" lon="-1.6763084"><ele>76.0999984741211</ele><time>2026-09-29T15:14:38.997Z</time><src>network</src></trkpt><trkpt lat="48.1074045" lon="-1.6758014"><ele>78.19999694824219</ele><time>2026-09-29T15:15:42.879Z</time><src>network</src></trkpt><trkpt lat="48.106711372871665" lon="-1.6760539882773045"><ele>95.72113631578763</ele><time>2026-09-29T15:16:43.000Z</time><course>145.14514</course><speed>0.011033222</speed><geoidheight>49.5</geoidheight><src>gps</src><sat>27</sat><hdop>1.0</hdop><vdop>1.7</vdop><pdop>2.0</pdop></trkpt><trkpt lat="48.1054533" lon="-1.675423"><ele>77.19999694824219</ele><time>2026-09-29T15:17:46.486Z</time><src>network</src></trkpt><trkpt lat="48.1053533" lon="-1.6753198"><ele>77.5999984741211</ele><time>2026-09-29T15:18:54.747Z</time><src>network</src></trkpt><trkpt lat="48.1042867" lon="-1.6732265"><ele>80.0999984741211</ele><time>2026-09-29T15:19:59.937Z</time><src>network</src></trkpt><trkpt lat="48.104246" lon="-1.6726815"><ele>79.9000015258789</ele><time>2026-09-29T15:21:02.944Z</time><src>network</src></trkpt><trkpt lat="48.1044664" lon="-1.668934"><ele>79.69999694824219</ele><time>2026-09-29T15:22:06.114Z</time><src>network</src></trkpt><trkpt lat="48.1046478" lon="-1.6676241"><ele>80.0999984741211</ele><time>2026-09-29T15:23:07.900Z</time><src>network</src></trkpt><trkpt lat="48.10490905112698" lon="-1.666053609701038"><ele>114.56578460304513</ele><time>2026-09-29T15:24:07.999Z</time><speed>0.0</speed><geoidheight>49.5</geoidheight><src>gps</src><sat>12</sat><hdop>0.9</hdop><vdop>1.3</vdop><pdop>1.5</pdop></trkpt><trkpt lat="48.104405628466544" lon="-1.6642004850274903"><ele>101.20640112537409</ele><time>2026-09-29T15:25:12.377Z</time><course>340.80603</course><speed>0.3829256</speed><geoidheight>49.5</geoidheight><src>gps</src><sat>9</sat><hdop>1.2</hdop><vdop>2.2</vdop><pdop>2.5</pdop></trkpt><trkpt lat="48.1036482" lon="-1.6633658"><ele>84.5999984741211</ele><time>2026-09-29T15:26:15.910Z</time><src>network</src></trkpt><trkpt lat="48.1025663" lon="-1.6615443"><ele>92.0</ele><time>2026-09-29T15:27:19.887Z</time><src>network</src></trkpt><trkpt lat="48.1024022" lon="-1.6619981"><ele>90.30000305175781</ele><time>2026-09-29T15:28:23.897Z</time><src>network</src></trkpt><trkpt lat="48.1023816" lon="-1.6625905"><ele>94.5</ele><time>2026-09-29T15:30:13.724Z</time><src>network</src></trkpt><trkpt lat="48.1027361" lon="-1.6624144"><ele>88.9000015258789</ele><time>2026-09-29T15:31:17.859Z</time><src>network</src></trkpt><trkpt lat="48.1027234" lon="-1.6624467"><ele>88.9000015258789</ele><time>2026-09-29T15:32:21.017Z</time><src>network</src></trkpt><trkpt lat="48.1025517" lon="-1.662521"><ele>94.5</ele><time>2026-09-29T15:33:24.227Z</time><src>network</src></trkpt><trkpt lat="48.1024476" lon="-1.66251"><ele>95.9000015258789</ele><time>2026-09-29T15:34:27.279Z</time><src>network</src></trkpt><trkpt lat="48.1023583" lon="-1.6623724"><ele>97.80000305175781</ele><time>2026-09-29T15:35:30.493Z</time><src>network</src></trkpt><trkpt lat="48.1023522" lon="-1.6623672"><ele>97.80000305175781</ele><time>2026-09-29T15:36:33.668Z</time><src>network</src></trkpt><trkpt lat="48.1023637" lon="-1.6623755"><ele>97.80000305175781</ele><time>2026-09-29T15:37:37.862Z</time><src>network</src></trkpt><trkpt lat="48.1023631" lon="-1.6623768"><ele>97.80000305175781</ele><time>2026-09-29T15:38:40.983Z</time><src>network</src></trkpt><trkpt lat="48.1023128" lon="-1.6623619"><ele>97.80000305175781</ele><time>2026-09-29T15:47:50.088Z</time><src>network</src></trkpt><trkpt lat="48.1023695" lon="-1.6623899"><ele>97.80000305175781</ele><time>2026-09-30T07:21:56.319Z</time><src>network</src></trkpt><trkpt lat="48.1024152" lon="-1.6624755"><ele>95.9000015258789</ele><time>2026-09-30T07:23:12.002Z</time><src>network</src></trkpt><trkpt lat="48.1024474" lon="-1.6624288"><ele>95.5999984741211</ele><time>2026-09-30T07:24:15.161Z</time><src>network</src></trkpt><trkpt lat="48.1023529317165" lon="-1.6624466986310817"><ele>125.92662650712077</ele><time>2026-09-30T07:25:25.056Z</time><course>358.2615</course><speed>1.0050884</speed><geoidheight>49.5</geoidheight><src>gps</src><sat>7</sat><hdop>1.8</hdop><vdop>2.9</vdop><pdop>3.4</pdop></trkpt><trkpt lat="48.1027399" lon="-1.6626323"><ele>88.9000015258789</ele><time>2026-09-30T07:26:28.915Z</time><src>network</src></trkpt><trkpt lat="48.1027339" lon="-1.6619186"><ele>89.9000015258789</ele><time>2026-09-30T07:27:28.968Z</time><src>network</src></trkpt><trkpt lat="48.1027673" lon="-1.6618574"><ele>89.5999984741211</ele><time>2026-09-30T07:28:32.471Z</time><src>network</src></trkpt><trkpt lat="48.1019157" lon="-1.6600895"><ele>87.0</ele><time>2026-09-30T07:29:36.988Z</time><src>network</src></trkpt><trkpt lat="48.10242621718963" lon="-1.6548806962978269"><ele>103.41591750241011</ele><time>2026-09-30T07:30:39.888Z</time><course>50.035152</course><speed>3.832991</speed><geoidheight>49.5</geoidheight><src>gps</src><sat>12</sat><hdop>1.3</hdop><vdop>1.2</vdop><pdop>1.8</pdop></trkpt><trkpt lat="48.1036002" lon="-1.6513177"><ele>78.4000015258789</ele><time>2026-09-30T07:31:43.555Z</time><src>network</src></trkpt><trkpt lat="48.1046835" lon="-1.6484593"><ele>83.0</ele><time>2026-09-30T07:32:47.871Z</time><src>network</src></trkpt><trkpt lat="48.1049419" lon="-1.6477111"><ele>85.4000015258789</ele><time>2026-09-30T07:33:51.185Z</time><src>network</src></trkpt><trkpt lat="48.10489804074968" lon="-1.6451004572462564"><ele>79.52374504144544</ele><time>2026-09-30T07:34:54.674Z</time><course>87.30396</course><speed>4.133676</speed><geoidheight>49.5</geoidheight><src>gps</src><sat>6</sat><hdop>2.8</hdop><vdop>3.0</vdop><pdop>4.1</pdop></trkpt><trkpt lat="48.10477175460663" lon="-1.641235742748729"><ele>100.91331143768545</ele><time>2026-09-30T07:35:58.314Z</time><course>116.02786</course><speed>4.4007792</speed><geoidheight>49.5</geoidheight><src>gps</src><sat>10</sat><hdop>1.4</hdop><vdop>1.3</vdop><pdop>1.9</pdop></trkpt><trkpt lat="48.1038794" lon="-1.6362763"><ele>83.69999694824219</ele><time>2026-09-30T07:37:01.904Z</time><src>network</src></trkpt><trkpt lat="48.10416390260216" lon="-1.631382263510222"><ele>106.92406098452783</ele><time>2026-09-30T07:38:05.801Z</time><course>48.96097</course><speed>3.7151873</speed><geoidheight>49.5</geoidheight><src>gps</src><sat>12</sat><hdop>0.9</hdop><vdop>1.1</vdop><pdop>1.4</pdop></trkpt><trkpt lat="48.10559753224843" lon="-1.628209034990643"><ele>96.41048073190782</ele><time>2026-09-30T07:39:09.226Z</time><course>84.45613</course><speed>7.2030544</speed><geoidheight>49.5</geoidheight><src>gps</src><sat>12</sat><hdop>0.8</hdop><vdop>1.2</vdop><pdop>1.4</pdop></trkpt><trkpt lat="48.10649933439092" lon="-1.6239674282744958"><ele>100.85578308388536</ele><time>2026-09-30T07:40:12.797Z</time><course>7.4534883</course><speed>2.0802734</speed><geoidheight>49.5</geoidheight><src>gps</src><sat>12</sat><hdop>0.8</hdop><vdop>1.1</vdop><pdop>1.4</pdop></trkpt><trkpt lat="48.10759051266223" lon="-1.6196054231727635"><ele>104.78484002572469</ele><time>2026-09-30T07:41:16.003Z</time><course>72.24155</course><speed>5.567956</speed><geoidheight>49.5</geoidheight><src>gps</src><sat>9</sat><hdop>0.9</hdop><vdop>1.4</vdop><pdop>1.7</pdop></trkpt><trkpt lat="48.107491" lon="-1.6173184"><ele>87.69999694824219</ele><time>2026-09-30T07:42:18.960Z</time><src>network</src></trkpt><trkpt lat="48.1079292" lon="-1.6130781"><ele>92.80000305175781</ele><time>2026-09-30T07:43:22.147Z</time><src>network</src></trkpt><trkpt lat="48.1088855" lon="-1.6095915"><ele>93.80000305175781</ele><time>2026-09-30T07:44:25.899Z</time><src>network</src></trkpt><trkpt lat="48.1124557" lon="-1.6077292"><ele>79.0</ele><time>2026-09-30T07:45:29.442Z</time><src>network</src></trkpt><trkpt lat="48.114319081029066" lon="-1.605754811425417"><ele>83.11140382369278</ele><time>2026-09-30T07:46:32.666Z</time><course>92.069214</course><speed>4.888148</speed><geoidheight>49.5</geoidheight><src>gps</src><sat>11</sat><hdop>1.5</hdop><vdop>1.5</vdop><pdop>2.1</pdop></trkpt><trkpt lat="48.11413328197995" lon="-1.6026689546554223"><ele>120.31668373668235</ele><time>2026-09-30T07:47:36.104Z</time><course>92.032906</course><speed>2.4757783</speed><geoidheight>49.5</geoidheight><src>gps</src><sat>11</sat><hdop>0.8</hdop><vdop>1.3</vdop><pdop>1.5</pdop></trkpt><trkpt lat="48.1145106" lon="-1.6027732"><ele>79.5</ele><time>2026-09-30T07:48:39.956Z</time><src>network</src></trkpt><trkpt lat="48.1145092" lon="-1.6027793"><ele>79.5</ele><time>2026-09-30T07:49:43.071Z</time><src>network</src></trkpt><trkpt lat="48.1145086" lon="-1.6027815"><ele>79.5</ele><time>2026-09-30T07:50:46.253Z</time><src>network</src></trkpt><trkpt lat="48.1145129" lon="-1.6027777"><ele>79.5</ele><time>2026-09-30T07:51:49.403Z</time><src>network</src></trkpt><trkpt lat="48.11461765370337" lon="-1.600844605546145"><ele>95.31750856617045</ele><time>2026-09-30T07:52:52.646Z</time><course>353.79645</course><speed>4.7182717</speed><geoidheight>49.5</geoidheight><src>gps</src><sat>12</sat><hdop>1.1</hdop><vdop>1.2</vdop><pdop>1.6</pdop></trkpt><trkpt lat="48.11731624460021" lon="-1.6004248694088956"><ele>115.47261794715399</ele><time>2026-09-30T07:53:57.635Z</time><course>354.3117</course><speed>4.5697865</speed><geoidheight>49.5</geoidheight><src>gps</src><sat>12</sat><hdop>0.9</hdop><vdop>1.1</vdop><pdop>1.4</pdop></trkpt><trkpt lat="48.119627782675174" lon="-1.6015933469119676"><ele>75.95587252376478</ele><time>2026-09-30T07:55:02.601Z</time><course>333.22003</course><speed>2.9482691</speed><geoidheight>49.5</geoidheight><src>gps</src><sat>11</sat><hdop>1.6</hdop><vdop>1.4</vdop><pdop>2.1</pdop></trkpt><trkpt lat="48.1212543" lon="-1.6028575"><ele>92.30000305175781</ele><time>2026-09-30T07:56:06.981Z</time><src>network</src></trkpt><trkpt lat="48.1225555" lon="-1.6025205"><ele>96.9000015258789</ele><time>2026-09-30T07:57:10.092Z</time><src>network</src></trkpt><trkpt lat="48.1245377" lon="-1.6003868"><ele>97.0999984741211</ele><time>2026-09-30T07:58:13.176Z</time><src>network</src></trkpt><trkpt lat="48.12737333728238" lon="-1.598161191933129"><ele>111.61151437046838</ele><time>2026-09-30T07:59:18.638Z</time><course>27.556961</course><speed>4.0459585</speed><geoidheight>49.5</geoidheight><src>gps</src><sat>10</sat><hdop>1.1</hdop><vdop>1.8</vdop><pdop>2.1</pdop></trkpt><trkpt lat="48.129616" lon="-1.5976173"><ele>107.4000015258789</ele><time>2026-09-30T08:00:22.898Z</time><src>network</src></trkpt><trkpt lat="48.131042" lon="-1.5967483"><ele>109.5</ele><time>2026-09-30T08:01:26.804Z</time><src>network</src></trkpt><trkpt lat="48.13293183620309" lon="-1.5957392073804582"><ele>124.11934949755741</ele><time>2026-09-30T08:02:29.000Z</time><course>38.186077</course><speed>1.8774773</speed><geoidheight>49.5</geoidheight><src>gps</src><hdop>1.0</hdop><vdop>1.3</vdop><pdop>1.7</pdop></trkpt><trkpt lat="48.135069634339246" lon="-1.5925657561504756"><ele>105.49915467281662</ele><time>2026-09-30T08:03:32.631Z</time><course>48.743877</course><speed>8.9511595</speed><geoidheight>49.5</geoidheight><src>gps</src><sat>10</sat><hdop>1.5</hdop><vdop>1.5</vdop><pdop>2.2</pdop></trkpt><trkpt lat="48.138409139708" lon="-1.586717878597627"><ele>114.28577772733452</ele><time>2026-09-30T08:04:36.805Z</time><course>51.612843</course><speed>5.452023</speed><geoidheight>49.5</geoidheight><src>gps</src><sat>7</sat><hdop>1.4</hdop><vdop>3.2</vdop><pdop>3.5</pdop></trkpt><trkpt lat="48.13927618194291" lon="-1.581953872536739"><ele>132.20801453029677</ele><time>2026-09-30T08:05:39.612Z</time><course>118.78139</course><speed>4.4513564</speed><geoidheight>49.4</geoidheight><src>gps</src><sat>8</sat><hdop>1.4</hdop><vdop>1.8</vdop><pdop>2.3</pdop></trkpt><trkpt lat="48.1407331175474" lon="-1.576628978600608"><ele>74.38195673980367</ele><time>2026-09-30T08:06:48.701Z</time><course>83.44196</course><speed>5.025366</speed><geoidheight>49.4</geoidheight><src>gps</src><sat>12</sat><hdop>1.9</hdop><vdop>1.5</vdop><pdop>2.5</pdop></trkpt><trkpt lat="48.14095549560564" lon="-1.5726353330922382"><ele>84.27358942877571</ele><time>2026-09-30T08:07:52.339Z</time><course>93.21629</course><speed>4.644725</speed><geoidheight>49.4</geoidheight><src>gps</src><sat>6</sat><hdop>2.0</hdop><vdop>2.7</vdop><pdop>3.4</pdop></trkpt><trkpt lat="48.141098852167765" lon="-1.568901564921933"><ele>112.81827004769795</ele><time>2026-09-30T08:08:56.639Z</time><course>103.90622</course><speed>3.438212</speed><geoidheight>49.4</geoidheight><src>gps</src><sat>9</sat><hdop>1.9</hdop><vdop>2.0</vdop><pdop>2.8</pdop></trkpt><trkpt lat="48.14046916980795" lon="-1.5658567701594075"><ele>104.1093384359266</ele><time>2026-09-30T08:10:01.660Z</time><course>106.178</course><speed>3.1901555</speed><geoidheight>49.4</geoidheight><src>gps</src><sat>12</sat><hdop>0.8</hdop><vdop>1.1</vdop><pdop>1.4</pdop></trkpt><trkpt lat="48.13993499871882" lon="-1.5634066824899688"><ele>105.74682592026609</ele><time>2026-09-30T08:11:06.777Z</time><course>106.104576</course><speed>2.916177</speed><geoidheight>49.4</geoidheight><src>gps</src><sat>12</sat><hdop>0.9</hdop><vdop>1.3</vdop><pdop>1.6</pdop></trkpt><trkpt lat="48.1399065" lon="-1.5607141"><ele>104.4000015258789</ele><time>2026-09-30T08:12:09.871Z</time><src>network</src></trkpt><trkpt lat="48.13895912251083" lon="-1.5585716637088556"><ele>120.63482070265884</ele><time>2026-09-30T08:13:13.634Z</time><course>112.11791</course><speed>4.47913</speed><geoidheight>49.4</geoidheight><src>gps</src><sat>12</sat><hdop>0.9</hdop><vdop>1.5</vdop><pdop>1.7</pdop></trkpt><trkpt lat="48.13775519578364" lon="-1.5549773321581437"><ele>133.38936983635298</ele><time>2026-09-30T08:14:18.030Z</time><course>111.03594</course><speed>5.045435</speed><geoidheight>49.4</geoidheight><src>gps</src><sat>12</sat><hdop>1.3</hdop><vdop>1.5</vdop><pdop>2.0</pdop></trkpt><trkpt lat="48.136924871322016" lon="-1.5483416255273534"><ele>68.8529384759911</ele><time>2026-09-30T08:15:21.759Z</time><course>109.840355</course><speed>9.43286</speed><geoidheight>49.4</geoidheight><src>gps</src><sat>7</sat><hdop>3.7</hdop><vdop>6.1</vdop><pdop>7.1</pdop></trkpt><trkpt lat="48.1355948" lon="-1.5445416"><ele>84.80000305175781</ele><time>2026-09-30T08:16:25.893Z</time><src>network</src></trkpt><trkpt lat="48.1358738" lon="-1.5417257"><ele>85.9000015258789</ele><time>2026-09-30T08:17:29.948Z</time><src>network</src></trkpt><trkpt lat="48.1352808" lon="-1.5390175"><ele>93.80000305175781</ele><time>2026-09-30T08:18:33.935Z</time><src>network</src></trkpt><trkpt lat="48.135278" lon="-1.536954"><ele>95.80000305175781</ele><time>2026-09-30T08:19:37.340Z</time><src>network</src></trkpt><trkpt lat="48.1353724" lon="-1.5342474"><ele>101.5</ele><time>2026-09-30T08:20:40.457Z</time><src>network</src></trkpt><trkpt lat="48.133552" lon="-1.5335272"><ele>99.0</ele><time>2026-09-30T08:21:43.900Z</time><src>network</src></trkpt><trkpt lat="48.1335890351219" lon="-1.5291773769157362"><ele>80.90438927206593</ele><time>2026-09-30T08:22:48.640Z</time><course>124.281265</course><speed>4.2891655</speed><geoidheight>49.4</geoidheight><src>gps</src><sat>8</sat><hdop>2.3</hdop><vdop>2.1</vdop><pdop>3.1</pdop></trkpt><trkpt lat="48.13229966614094" lon="-1.5279472210736447"><ele>86.77454742405773</ele><time>2026-09-30T08:23:52.813Z</time><course>162.85822</course><speed>4.821357</speed><geoidheight>49.4</geoidheight><src>gps</src><sat>11</sat><hdop>0.9</hdop><vdop>1.3</vdop><pdop>1.6</pdop></trkpt><trkpt lat="48.1326514" lon="-1.5253822"><ele>85.9000015258789</ele><time>2026-09-30T08:24:55.919Z</time><src>network</src></trkpt><trkpt lat="48.1326496" lon="-1.5253754"><ele>85.9000015258789</ele><time>2026-09-30T08:25:58.998Z</time><src>network</src></trkpt><trkpt lat="48.132814801262285" lon="-1.5237531252561916"><ele>104.62724634163868</ele><time>2026-09-30T08:27:03.620Z</time><course>93.41304</course><speed>4.422877</speed><geoidheight>49.4</geoidheight><src>gps</src><sat>11</sat><hdop>1.4</hdop><vdop>1.8</vdop><pdop>2.3</pdop></trkpt><trkpt lat="48.13245573167028" lon="-1.5221028054891095"><ele>99.17462962306739</ele><time>2026-09-30T08:28:08.006Z</time><course>94.84133</course><speed>3.0748496</speed><geoidheight>49.4</geoidheight><src>gps</src><sat>12</sat><hdop>1.0</hdop><vdop>1.3</vdop><pdop>1.7</pdop></trkpt><trkpt lat="48.13216011729414" lon="-1.5199717285167844"><ele>110.77665629348003</ele><time>2026-09-30T08:29:11.640Z</time><course>135.30331</course><speed>2.7225282</speed><geoidheight>49.4</geoidheight><src>gps</src><sat>10</sat><hdop>2.3</hdop><vdop>2.4</vdop><pdop>3.3</pdop></trkpt><trkpt lat="48.13193563501111" lon="-1.5176306572824947"><ele>119.14536876410948</ele><time>2026-09-30T08:30:15.612Z</time><course>93.827515</course><speed>2.8210857</speed><geoidheight>49.4</geoidheight><src>gps</src><sat>9</sat><hdop>2.5</hdop><vdop>2.5</vdop><pdop>3.5</pdop></trkpt><trkpt lat="48.13037326194302" lon="-1.51300369292206"><ele>91.62695069137733</ele><time>2026-09-30T08:31:20.036Z</time><course>109.2471</course><speed>7.234537</speed><geoidheight>49.4</geoidheight><src>gps</src><sat>12</sat><hdop>1.0</hdop><vdop>1.5</vdop><pdop>1.8</pdop></trkpt><trkpt lat="48.12976587875805" lon="-1.509285274671473"><ele>106.57511211582882</ele><time>2026-09-30T08:32:25.269Z</time><course>100.15607</course><speed>2.5545504</speed><geoidheight>49.4</geoidheight><src>gps</src><sat>10</sat><hdop>2.0</hdop><vdop>1.4</vdop><pdop>2.4</pdop></trkpt><trkpt lat="48.12953424920069" lon="-1.5068248271744782"><ele>122.08450781140486</ele><time>2026-09-30T08:33:29.640Z</time><course>103.15324</course><speed>2.9190483</speed><geoidheight>49.4</geoidheight><src>gps</src><sat>12</sat><hdop>0.9</hdop><vdop>1.5</vdop><pdop>1.7</pdop></trkpt><trkpt lat="48.13038498402744" lon="-1.5030964804340485"><ele>128.80009388983243</ele><time>2026-09-30T08:34:33.620Z</time><course>89.41402</course><speed>7.6588697</speed><geoidheight>49.4</geoidheight><src>gps</src><sat>6</sat><hdop>3.5</hdop><vdop>3.9</vdop><pdop>5.3</pdop></trkpt><trkpt lat="48.13048011297171" lon="-1.498272441254897"><ele>134.64870568631542</ele><time>2026-09-30T08:35:37.646Z</time><course>95.076096</course><speed>2.9000344</speed><geoidheight>49.4</geoidheight><src>gps</src><sat>10</sat><hdop>1.3</hdop><vdop>1.8</vdop><pdop>2.2</pdop></trkpt><trkpt lat="48.130795065483774" lon="-1.495768631831227"><ele>135.37394818279745</ele><time>2026-09-30T08:36:42.459Z</time><course>63.270596</course><speed>3.862382</speed><geoidheight>49.4</geoidheight><src>gps</src><sat>12</sat><hdop>1.0</hdop><vdop>1.4</vdop><pdop>1.7</pdop></trkpt><trkpt lat="48.13144360509921" lon="-1.4907510960301185"><ele>89.61133408664128</ele><time>2026-09-30T08:37:46.633Z</time><course>83.7731</course><speed>9.852997</speed><geoidheight>49.4</geoidheight><src>gps</src><sat>12</sat><hdop>1.1</hdop><vdop>1.9</vdop><pdop>2.2</pdop></trkpt><trkpt lat="48.13001767822571" lon="-1.4841367701266028"><ele>121.61822503812377</ele><time>2026-09-30T08:38:51.610Z</time><course>111.724174</course><speed>7.031912</speed><geoidheight>49.4</geoidheight><src>gps</src><sat>12</sat><hdop>1.1</hdop><vdop>1.3</vdop><pdop>1.7</pdop></trkpt><trkpt lat="48.12869249681106" lon="-1.4817953738202785"><ele>130.63619016812635</ele><time>2026-09-30T08:39:55.845Z</time><course>140.8627</course><speed>2.4876385</speed><geoidheight>49.4</geoidheight><src>gps</src><sat>12</sat><hdop>0.9</hdop><vdop>1.0</vdop><pdop>1.4</pdop></trkpt><trkpt lat="48.12802138333825" lon="-1.4797084512484369"><ele>124.9711961897388</ele><time>2026-09-30T08:40:58.602Z</time><course>105.737366</course><speed>2.2205477</speed><geoidheight>49.4</geoidheight><src>gps</src><sat>10</sat><hdop>1.4</hdop><vdop>1.6</vdop><pdop>2.1</pdop></trkpt><trkpt lat="48.127525851321984" lon="-1.477473977592403"><ele>119.93520661922098</ele><time>2026-09-30T08:42:03.629Z</time><course>127.89713</course><speed>4.498423</speed><geoidheight>49.3</geoidheight><src>gps</src><sat>12</sat><hdop>1.3</hdop><vdop>1.7</vdop><pdop>2.1</pdop></trkpt><trkpt lat="48.12523593557392" lon="-1.473048855884309"><ele>134.71198952267017</ele><time>2026-09-30T08:43:07.067Z</time><course>122.121216</course><speed>7.405278</speed><geoidheight>49.3</geoidheight><src>gps</src><sat>11</sat><hdop>1.5</hdop><vdop>1.6</vdop><pdop>2.2</pdop></trkpt><trkpt lat="48.1251262" lon="-1.4702417"><ele>107.0999984741211</ele><time>2026-09-30T08:44:10.777Z</time><src>network</src></trkpt><trkpt lat="48.124233199931815" lon="-1.46641720633132"><ele>153.9831162695944</ele><time>2026-09-30T08:45:15.604Z</time><course>108.702866</course><speed>4.229179</speed><geoidheight>49.3</geoidheight><src>gps</src><sat>10</sat><hdop>1.2</hdop><vdop>1.6</vdop><pdop>2.0</pdop></trkpt><trkpt lat="48.1221134" lon="-1.4624598"><ele>95.9000015258789</ele><time>2026-09-30T08:46:19.352Z</time><src>network</src></trkpt><trkpt lat="48.1209845" lon="-1.4593484"><ele>97.0999984741211</ele><time>2026-09-30T08:47:22.926Z</time><src>network</src></trkpt><trkpt lat="48.12241180775823" lon="-1.4567781902827475"><ele>104.0121270887986</ele><time>2026-09-30T08:48:25.923Z</time><course>67.94046</course><speed>4.9035954</speed><geoidheight>49.3</geoidheight><src>gps</src><sat>7</sat><hdop>1.8</hdop><vdop>2.6</vdop><pdop>3.2</pdop></trkpt><trkpt lat="48.1236518" lon="-1.4531218"><ele>99.0</ele><time>2026-09-30T08:49:29.730Z</time><src>network</src></trkpt><trkpt lat="48.1238916" lon="-1.450546"><ele>105.19999694824219</ele><time>2026-09-30T08:50:32.929Z</time><src>network</src></trkpt><trkpt lat="48.12481436923833" lon="-1.4476944345484513"><ele>125.0645949864579</ele><time>2026-09-30T08:51:38.618Z</time><course>71.97188</course><speed>4.5638156</speed><geoidheight>49.3</geoidheight><src>gps</src><sat>10</sat><hdop>1.1</hdop><vdop>1.9</vdop><pdop>2.2</pdop></trkpt><trkpt lat="48.12594530217234" lon="-1.445145479870895"><ele>132.5392003798101</ele><time>2026-09-30T08:52:43.195Z</time><course>16.81655</course><speed>3.108727</speed><geoidheight>49.3</geoidheight><src>gps</src><sat>12</sat><hdop>1.3</hdop><vdop>1.5</vdop><pdop>2.0</pdop></trkpt><trkpt lat="48.1263709" lon="-1.4425777"><ele>117.5</ele><time>2026-09-30T08:53:46.962Z</time><src>network</src></trkpt><trkpt lat="48.1269529599731" lon="-1.4382936691027213"><ele>130.1014208538883</ele><time>2026-09-30T08:54:50.603Z</time><course>78.56424</course><speed>6.248689</speed><geoidheight>49.3</geoidheight><src>gps</src><sat>7</sat><hdop>3.3</hdop><vdop>3.5</vdop><pdop>4.8</pdop></trkpt><trkpt lat="48.127632142237815" lon="-1.4338437597982259"><ele>140.0692085109866</ele><time>2026-09-30T08:55:55.869Z</time><course>72.247314</course><speed>4.1752787</speed><geoidheight>49.3</geoidheight><src>gps</src><sat>10</sat><hdop>1.8</hdop><vdop>2.3</vdop><pdop>2.9</pdop></trkpt><trkpt lat="48.12902920933846" lon="-1.4320404739491104"><ele>113.84703619502454</ele><time>2026-09-30T08:56:59.185Z</time><course>35.757576</course><speed>3.2769656</speed><geoidheight>49.3</geoidheight><src>gps</src><sat>10</sat><hdop>1.4</hdop><vdop>2.2</vdop><pdop>2.6</pdop></trkpt><trkpt lat="48.130105249805816" lon="-1.4291924320913583"><ele>136.02028346939449</ele><time>2026-09-30T08:58:03.607Z</time><course>74.71756</course><speed>4.3630657</speed><geoidheight>49.3</geoidheight><src>gps</src><sat>10</sat><hdop>1.2</hdop><vdop>2.0</vdop><pdop>2.3</pdop></trkpt><trkpt lat="48.13026587238629" lon="-1.4233856161722727"><ele>125.45896656323553</ele><time>2026-09-30T08:59:08.157Z</time><course>99.66799</course><speed>5.53712</speed><geoidheight>49.3</geoidheight><src>gps</src><sat>10</sat><hdop>1.4</hdop><vdop>1.9</vdop><pdop>2.3</pdop></trkpt><trkpt lat="48.12991840737724" lon="-1.421386562172932"><ele>145.69349805370064</ele><time>2026-09-30T09:00:12.653Z</time><course>108.345665</course><speed>2.4483585</speed><geoidheight>49.3</geoidheight><src>gps</src><sat>11</sat><hdop>1.1</hdop><vdop>2.5</vdop><pdop>2.7</pdop></trkpt><trkpt lat="48.1300871038374" lon="-1.4191118659424988"><ele>130.20959037609296</ele><time>2026-09-30T09:01:17.698Z</time><course>77.03167</course><speed>3.3964267</speed><geoidheight>49.3</geoidheight><src>gps</src><sat>10</sat><hdop>1.0</hdop><vdop>2.0</vdop><pdop>2.2</pdop></trkpt><trkpt lat="48.12992685534632" lon="-1.4159212805837118"><ele>142.14589851144223</ele><time>2026-09-30T09:02:21.635Z</time><course>60.3328</course><speed>3.6477113</speed><geoidheight>49.3</geoidheight><src>gps</src><sat>12</sat><hdop>1.2</hdop><vdop>1.8</vdop><pdop>2.1</pdop></trkpt><trkpt lat="48.13020078785555" lon="-1.4135002460143633"><ele>160.71741450772586</ele><time>2026-09-30T09:03:26.647Z</time><course>82.414185</course><speed>2.2783284</speed><geoidheight>49.3</geoidheight><src>gps</src><sat>12</sat><hdop>0.9</hdop><vdop>1.2</vdop><pdop>1.5</pdop></trkpt><trkpt lat="48.13027703371613" lon="-1.4111696165667134"><ele>164.8986145148272</ele><time>2026-09-30T09:04:30.932Z</time><course>82.57121</course><speed>3.0157406</speed><geoidheight>49.3</geoidheight><src>gps</src><sat>9</sat><hdop>1.2</hdop><vdop>2.3</vdop><pdop>2.6</pdop></trkpt><trkpt lat="48.130476652779215" lon="-1.408642882694395"><ele>144.71798083063902</ele><time>2026-09-30T09:05:34.650Z</time><course>47.704777</course><speed>3.3648453</speed><geoidheight>49.3</geoidheight><src>gps</src><sat>10</sat><hdop>1.2</hdop><vdop>2.0</vdop><pdop>2.3</pdop></trkpt><trkpt lat="48.13195233216415" lon="-1.4065206172610996"><ele>176.87745901307198</ele><time>2026-09-30T09:06:38.647Z</time><course>47.842415</course><speed>3.0410583</speed><geoidheight>49.3</geoidheight><src>gps</src><sat>11</sat><hdop>1.3</hdop><vdop>1.8</vdop><pdop>2.2</pdop></trkpt><trkpt lat="48.132013747015556" lon="-1.4021055916913923"><ele>151.20477124010404</ele><time>2026-09-30T09:07:43.631Z</time><course>104.778206</course><speed>9.258099</speed><geoidheight>49.3</geoidheight><src>gps</src><sat>10</sat><hdop>1.2</hdop><vdop>2.1</vdop><pdop>2.4</pdop></trkpt><trkpt lat="48.132640045817105" lon="-1.3968061356650845"><ele>165.54638814078442</ele><time>2026-09-30T09:08:48.928Z</time><course>66.3006</course><speed>3.1036835</speed><geoidheight>49.3</geoidheight><src>gps</src><sat>12</sat><hdop>0.9</hdop><vdop>1.8</vdop><pdop>2.0</pdop></trkpt><trkpt lat="48.13293940327926" lon="-1.3939456782655424"><ele>174.85187307793532</ele><time>2026-09-30T09:09:52.613Z</time><course>87.45161</course><speed>3.8061984</speed><geoidheight>49.3</geoidheight><src>gps</src><sat>12</sat><hdop>1.0</hdop><vdop>1.8</vdop><pdop>2.0</pdop></trkpt><trkpt lat="48.1329137701891" lon="-1.3874709218854018"><ele>142.07826574905476</ele><time>2026-09-30T09:10:56.618Z</time><course>79.08405</course><speed>11.415761</speed><geoidheight>49.3</geoidheight><src>gps</src><sat>11</sat><hdop>1.1</hdop><vdop>1.4</vdop><pdop>1.7</pdop></trkpt><trkpt lat="48.13455778080122" lon="-1.3797067379130812"><ele>161.1076798236018</ele><time>2026-09-30T09:12:01.589Z</time><course>57.285614</course><speed>4.0024877</speed><geoidheight>49.3</geoidheight><src>gps</src><sat>12</sat><hdop>1.1</hdop><vdop>1.5</vdop><pdop>1.9</pdop></trkpt><trkpt lat="48.135294068100464" lon="-1.376114761190419"><ele>152.19681336516297</ele><time>2026-09-30T09:13:05.606Z</time><course>59.975323</course><speed>3.070864</speed><geoidheight>49.3</geoidheight><src>gps</src><sat>10</sat><hdop>1.3</hdop><vdop>1.9</vdop><pdop>2.3</pdop></trkpt><trkpt lat="48.13684571152642" lon="-1.3712575813441497"><ele>133.12258050656973</ele><time>2026-09-30T09:14:10.625Z</time><course>56.44002</course><speed>5.264288</speed><geoidheight>49.2</geoidheight><src>gps</src><sat>9</sat><hdop>2.5</hdop><vdop>1.9</vdop><pdop>3.1</pdop></trkpt><trkpt lat="48.13801565635815" lon="-1.3665913642790681"><ele>157.84504931740477</ele><time>2026-09-30T09:15:15.049Z</time><course>67.43851</course><speed>2.1439652</speed><geoidheight>49.2</geoidheight><src>gps</src><sat>12</sat><hdop>1.1</hdop><vdop>1.2</vdop><pdop>1.7</pdop></trkpt><trkpt lat="48.13875814038905" lon="-1.3639161241545708"><ele>161.49252472547047</ele><time>2026-09-30T09:16:18.702Z</time><course>62.63778</course><speed>2.8758566</speed><geoidheight>49.2</geoidheight><src>gps</src><sat>11</sat><hdop>1.3</hdop><vdop>1.4</vdop><pdop>1.9</pdop></trkpt><trkpt lat="48.13936578187566" lon="-1.3614251118573646"><ele>173.1468363323518</ele><time>2026-09-30T09:17:22.315Z</time><course>65.574005</course><speed>2.9806345</speed><geoidheight>49.2</geoidheight><src>gps</src><sat>10</sat><hdop>2.1</hdop><vdop>1.6</vdop><pdop>2.6</pdop></trkpt><trkpt lat="48.1397984029502" lon="-1.3585000500508546"><ele>174.47140676253727</ele><time>2026-09-30T09:18:26.598Z</time><course>113.95853</course><speed>4.193131</speed><geoidheight>49.2</geoidheight><src>gps</src><sat>12</sat><hdop>1.0</hdop><vdop>1.9</vdop><pdop>2.1</pdop></trkpt><trkpt lat="48.13926835361814" lon="-1.3549830581532325"><ele>153.7238582767133</ele><time>2026-09-30T09:19:30.614Z</time><course>61.231056</course><speed>3.980486</speed><geoidheight>49.2</geoidheight><src>gps</src><sat>11</sat><hdop>1.1</hdop><vdop>1.8</vdop><pdop>2.1</pdop></trkpt><trkpt lat="48.1402339782585" lon="-1.3505079217712708"><ele>171.3860121051032</ele><time>2026-09-30T09:20:35.680Z</time><course>72.68586</course><speed>7.265383</speed><geoidheight>49.2</geoidheight><src>gps</src><sat>12</sat><hdop>1.0</hdop><vdop>2.4</vdop><pdop>2.6</pdop></trkpt><trkpt lat="48.1410644" lon="-1.3456414"><ele>156.40000915527344</ele><time>2026-09-30T09:21:38.908Z</time><src>network</src></trkpt><trkpt lat="48.1421983" lon="-1.3418419"><ele>154.8000030517578</ele><time>2026-09-30T09:22:42.926Z</time><src>network</src></trkpt><trkpt lat="48.14492407112834" lon="-1.3393787567357052"><ele>159.95578856629322</ele><time>2026-09-30T09:23:46.554Z</time><course>11.572197</course><speed>8.258867</speed><geoidheight>49.2</geoidheight><src>gps</src><sat>9</sat><hdop>1.5</hdop><vdop>1.7</vdop><pdop>2.3</pdop></trkpt><trkpt lat="48.14740827286471" lon="-1.339443850856143"><ele>171.8094825674763</ele><time>2026-09-30T09:24:50.527Z</time><course>341.392</course><speed>4.0039864</speed><geoidheight>49.2</geoidheight><src>gps</src><sat>8</sat><hdop>2.0</hdop><vdop>6.6</vdop><pdop>6.9</pdop></trkpt><trkpt lat="48.1487589" lon="-1.3396264"><ele>156.60000610351562</ele><time>2026-09-30T09:25:53.917Z</time><src>network</src></trkpt><trkpt lat="48.14855850991001" lon="-1.3326084739497603"><ele>157.09389681959087</ele><time>2026-09-30T09:26:57.597Z</time><course>97.1019</course><speed>5.825955</speed><geoidheight>49.2</geoidheight><src>gps</src><sat>11</sat><hdop>0.9</hdop><vdop>1.6</vdop><pdop>1.8</pdop></trkpt><trkpt lat="48.14846675887147" lon="-1.3288395152214099"><ele>177.07373681084792</ele><time>2026-09-30T09:28:00.995Z</time><course>87.024666</course><speed>4.4347687</speed><geoidheight>49.2</geoidheight><src>gps</src><sat>8</sat><hdop>1.2</hdop><vdop>2.9</vdop><pdop>3.2</pdop></trkpt><trkpt lat="48.14869496379903" lon="-1.3246450267009575"><ele>170.67922762991736</ele><time>2026-09-30T09:29:05.409Z</time><course>88.39138</course><speed>5.2003937</speed><geoidheight>49.2</geoidheight><src>gps</src><sat>12</sat><hdop>0.9</hdop><vdop>1.3</vdop><pdop>1.6</pdop></trkpt><trkpt lat="48.14901706264615" lon="-1.3189314106019392"><ele>168.08736735385236</ele><time>2026-09-30T09:30:10.568Z</time><course>95.45731</course><speed>8.152518</speed><geoidheight>49.2</geoidheight><src>gps</src><sat>10</sat><hdop>1.0</hdop><vdop>2.6</vdop><pdop>2.7</pdop></trkpt><trkpt lat="48.1480575" lon="-1.3130879"><ele>138.3000030517578</ele><time>2026-09-30T09:31:14.403Z</time><src>network</src></trkpt><trkpt lat="48.14768942447845" lon="-1.311964334121933"><ele>143.84412903765505</ele><time>2026-09-30T09:32:14.999Z</time><speed>0.0</speed><geoidheight>49.2</geoidheight><src>gps</src><sat>20</sat><hdop>0.8</hdop><vdop>1.4</vdop><pdop>1.6</pdop></trkpt><trkpt lat="48.14718474070094" lon="-1.3108205705041711"><ele>126.50797576076639</ele><time>2026-09-30T09:33:19.613Z</time><course>13.255718</course><speed>4.548259</speed><geoidheight>49.2</geoidheight><src>gps</src><sat>10</sat><hdop>1.5</hdop><vdop>3.4</vdop><pdop>3.7</pdop></trkpt><trkpt lat="48.14845957144856" lon="-1.3104822804396692"><ele>147.1846465373471</ele><time>2026-09-30T09:34:23.387Z</time><course>351.43854</course><speed>7.8481727</speed><geoidheight>49.2</geoidheight><src>gps</src><sat>12</sat><hdop>1.0</hdop><vdop>1.5</vdop><pdop>1.8</pdop></trkpt><trkpt lat="48.15196372967727" lon="-1.310420589920615"><ele>121.40139522124908</ele><time>2026-09-30T09:35:27.514Z</time><course>5.060712</course><speed>3.1324613</speed><geoidheight>49.2</geoidheight><src>gps</src><sat>10</sat><hdop>1.5</hdop><vdop>6.6</vdop><pdop>6.8</pdop></trkpt><trkpt lat="48.152942539661154" lon="-1.3098981863480814"><ele>134.33100497393326</ele><time>2026-09-30T09:36:33.576Z</time><course>58.407433</course><speed>6.0563436</speed><geoidheight>49.2</geoidheight><src>gps</src><sat>10</sat><hdop>2.0</hdop><vdop>1.6</vdop><pdop>2.6</pdop></trkpt><trkpt lat="48.15334430844375" lon="-1.3072149218328766"><ele>161.05740088381188</ele><time>2026-09-30T09:37:37.990Z</time><course>125.380936</course><speed>2.6070461</speed><geoidheight>49.2</geoidheight><src>gps</src><sat>10</sat><hdop>1.0</hdop><vdop>1.9</vdop><pdop>2.2</pdop></trkpt><trkpt lat="48.153157544758244" lon="-1.3067344465053663"><ele>156.76876331080973</ele><time>2026-09-30T09:38:41.844Z</time><course>156.01437</course><speed>0.4961001</speed><geoidheight>49.2</geoidheight><src>gps</src><sat>9</sat><hdop>1.2</hdop><vdop>2.0</vdop><pdop>2.3</pdop></trkpt><trkpt lat="48.15324032290766" lon="-1.3068192427550884"><ele>162.3188354138325</ele><time>2026-09-30T09:39:44.857Z</time><course>92.243515</course><speed>0.12908624</speed><geoidheight>49.2</geoidheight><src>gps</src><sat>10</sat><hdop>1.2</hdop><vdop>2.1</vdop><pdop>2.4</pdop></trkpt><trkpt lat="48.153248894890304" lon="-1.3068186494395315"><ele>176.0483198147127</ele><time>2026-09-30T09:40:48.952Z</time><course>122.78922</course><speed>3.0339868</speed><geoidheight>49.2</geoidheight><src>gps</src><sat>6</sat><hdop>9.2</hdop><vdop>10.0</vdop><pdop>13.6</pdop></trkpt><trkpt lat="48.15274540627037" lon="-1.3047765519514094"><ele>193.0064205349756</ele><time>2026-09-30T09:41:51.889Z</time><course>39.122856</course><speed>1.9843445</speed><geoidheight>49.2</geoidheight><src>gps</src><sat>11</sat><hdop>1.0</hdop><vdop>1.4</vdop><pdop>1.7</pdop></trkpt><trkpt lat="48.15319643439096" lon="-1.3030771614882972"><ele>198.69981117873502</ele><time>2026-09-30T09:42:55.672Z</time><course>76.98896</course><speed>2.0512807</speed><geoidheight>49.2</geoidheight><src>gps</src><sat>11</sat><hdop>1.1</hdop><vdop>1.3</vdop><pdop>1.7</pdop></trkpt><trkpt lat="48.15279131298704" lon="-1.3001545919722257"><ele>135.15137688415783</ele><time>2026-09-30T09:43:59.960Z</time><course>89.94027</course><speed>2.9788945</speed><geoidheight>49.2</geoidheight><src>gps</src><sat>10</sat><hdop>1.1</hdop><vdop>2.2</vdop><pdop>2.5</pdop></trkpt><trkpt lat="48.153095499687225" lon="-1.2968105107839734"><ele>180.95192363891962</ele><time>2026-09-30T09:45:05.234Z</time><course>75.929375</course><speed>4.7983747</speed><geoidheight>49.2</geoidheight><src>gps</src><sat>12</sat><hdop>1.0</hdop><vdop>1.5</vdop><pdop>1.8</pdop></trkpt><trkpt lat="48.15327831201515" lon="-1.2927181967578285"><ele>171.79431920050183</ele><time>2026-09-30T09:46:08.207Z</time><course>77.50454</course><speed>2.4967182</speed><geoidheight>49.2</geoidheight><src>gps</src><sat>10</sat><hdop>1.4</hdop><vdop>1.9</vdop><pdop>2.4</pdop></trkpt><trkpt lat="48.153443411717895" lon="-1.2893331025829389"><ele>168.2404689762885</ele><time>2026-09-30T09:47:11.366Z</time><course>90.83633</course><speed>6.572273</speed><geoidheight>49.2</geoidheight><src>gps</src><sat>12</sat><hdop>0.9</hdop><vdop>1.4</vdop><pdop>1.7</pdop></trkpt><trkpt lat="48.15262690969574" lon="-1.283121642302493"><ele>165.80156503363824</ele><time>2026-09-30T09:48:15.577Z</time><course>93.71908</course><speed>9.2065525</speed><geoidheight>49.2</geoidheight><src>gps</src><sat>10</sat><hdop>1.1</hdop><vdop>2.5</vdop><pdop>2.7</pdop></trkpt><trkpt lat="48.150859039765876" lon="-1.2746988892911792"><ele>129.6212087177364</ele><time>2026-09-30T09:49:21.545Z</time><course>115.74124</course><speed>6.7318664</speed><geoidheight>49.1</geoidheight><src>gps</src><sat>10</sat><hdop>1.4</hdop><vdop>1.4</vdop><pdop>1.9</pdop></trkpt><trkpt lat="48.149457104549185" lon="-1.2700861764395575"><ele>140.99358265155766</ele><time>2026-09-30T09:50:26.064Z</time><course>119.360916</course><speed>5.5107822</speed><geoidheight>49.1</geoidheight><src>gps</src><sat>12</sat><hdop>0.9</hdop><vdop>1.8</vdop><pdop>2.0</pdop></trkpt><trkpt lat="48.147463547320996" lon="-1.264882583624769"><ele>140.41490012788563</ele><time>2026-09-30T09:51:30.904Z</time><course>123.63944</course><speed>6.863967</speed><geoidheight>49.1</geoidheight><src>gps</src><sat>12</sat><hdop>1.0</hdop><vdop>1.4</vdop><pdop>1.7</pdop></trkpt><trkpt lat="48.14668199270362" lon="-1.2602192088626585"><ele>126.11118621661807</ele><time>2026-09-30T09:52:35.919Z</time><course>112.948135</course><speed>4.219257</speed><geoidheight>49.1</geoidheight><src>gps</src><sat>12</sat><hdop>1.2</hdop><vdop>1.4</vdop><pdop>1.9</pdop></trkpt><trkpt lat="48.14585581928835" lon="-1.2560103905097562"><ele>155.24271835798208</ele><time>2026-09-30T09:53:41.159Z</time><course>104.65647</course><speed>4.6170278</speed><geoidheight>49.1</geoidheight><src>gps</src><sat>12</sat><hdop>1.1</hdop><vdop>1.4</vdop><pdop>1.8</pdop></trkpt><trkpt lat="48.14546344853041" lon="-1.2541491103953484"><ele>116.50007863880151</ele><time>2026-09-30T09:54:45.595Z</time><course>31.146168</course><speed>0.40311018</speed><geoidheight>49.1</geoidheight><src>gps</src><sat>9</sat><hdop>1.0</hdop><vdop>1.6</vdop><pdop>1.9</pdop></trkpt><trkpt lat="48.145256081721534" lon="-1.2539502250693488"><ele>117.92936685876958</ele><time>2026-09-30T09:55:46.000Z</time><course>335.86435</course><speed>1.4699138</speed><geoidheight>49.1</geoidheight><src>gps</src><sat>32</sat><hdop>1.1</hdop><vdop>2.7</vdop><pdop>2.9</pdop></trkpt><trkpt lat="48.14562583358039" lon="-1.2535299865108418"><ele>128.50829585147125</ele><time>2026-09-30T09:56:49.557Z</time><course>78.26965</course><speed>4.3257656</speed><geoidheight>49.1</geoidheight><src>gps</src><sat>10</sat><hdop>1.5</hdop><vdop>1.3</vdop><pdop>1.9</pdop></trkpt><trkpt lat="48.14663625138691" lon="-1.2498906867224937"><ele>131.46854957599749</ele><time>2026-09-30T09:57:53.532Z</time><course>33.993855</course><speed>5.139403</speed><geoidheight>49.1</geoidheight><src>gps</src><sat>10</sat><hdop>1.4</hdop><vdop>1.3</vdop><pdop>1.9</pdop></trkpt><trkpt lat="48.1488251" lon="-1.2475656"><ele>110.5999984741211</ele><time>2026-09-30T09:58:57.359Z</time><src>network</src></trkpt><trkpt lat="48.14927917102232" lon="-1.2434053108800922"><ele>117.13416051695198</ele><time>2026-09-30T10:00:03.688Z</time><course>90.13594</course><speed>4.0557513</speed><geoidheight>49.1</geoidheight><src>gps</src><sat>8</sat><hdop>1.3</hdop><vdop>2.8</vdop><pdop>3.1</pdop></trkpt><trkpt lat="48.150252051074595" lon="-1.2396005433678143"><ele>144.34293278513388</ele><time>2026-09-30T10:01:06.542Z</time><course>82.2791</course><speed>5.208261</speed><geoidheight>49.1</geoidheight><src>gps</src><sat>9</sat><hdop>1.2</hdop><vdop>1.8</vdop><pdop>2.1</pdop></trkpt><trkpt lat="48.1513161" lon="-1.2371595"><ele>120.4000015258789</ele><time>2026-09-30T10:02:10.340Z</time><src>network</src></trkpt><trkpt lat="48.1521513" lon="-1.2381065"><ele>124.5999984741211</ele><time>2026-09-30T10:03:13.497Z</time><src>network</src></trkpt><trkpt lat="48.1532064" lon="-1.2385247"><ele>141.40000915527344</ele><time>2026-09-30T10:04:16.956Z</time><src>network</src></trkpt><trkpt lat="48.15470941094991" lon="-1.2393802337969557"><ele>140.48470567199263</ele><time>2026-09-30T10:05:22.534Z</time><course>357.32455</course><speed>4.442325</speed><geoidheight>49.1</geoidheight><src>gps</src><sat>10</sat><hdop>1.2</hdop><vdop>2.4</vdop><pdop>2.7</pdop></trkpt><trkpt lat="48.15562826193159" lon="-1.237803762820443"><ele>181.18250957960637</ele><time>2026-09-30T10:06:27.479Z</time><course>89.26912</course><speed>1.8556654</speed><geoidheight>49.1</geoidheight><src>gps</src><sat>12</sat><hdop>0.9</hdop><vdop>1.0</vdop><pdop>1.3</pdop></trkpt><trkpt lat="48.155671838848015" lon="-1.2352890094352555"><ele>197.02846025807204</ele><time>2026-09-30T10:07:31.486Z</time><course>74.32218</course><speed>3.799489</speed><geoidheight>49.1</geoidheight><src>gps</src><sat>11</sat><hdop>1.3</hdop><vdop>2.0</vdop><pdop>2.4</pdop></trkpt><trkpt lat="48.15550355002999" lon="-1.234049725697731"><ele>200.1189184074198</ele><time>2026-09-30T10:08:35.712Z</time><course>156.1164</course><speed>0.65051246</speed><geoidheight>49.1</geoidheight><src>gps</src><sat>9</sat><hdop>1.5</hdop><vdop>1.8</vdop><pdop>2.3</pdop></trkpt><trkpt lat="48.15558258191456" lon="-1.2339624426606404"><ele>211.4710736900516</ele><time>2026-09-30T10:09:56.099Z</time><course>66.86308</course><speed>0.03644726</speed><geoidheight>49.1</geoidheight><src>gps</src><sat>5</sat><hdop>2.0</hdop><vdop>3.0</vdop><pdop>3.5</pdop></trkpt><trkpt lat="48.155392489877435" lon="-1.2323314546431028"><ele>157.65335175622118</ele><time>2026-09-30T10:10:59.537Z</time><course>108.181435</course><speed>3.4072516</speed><geoidheight>49.1</geoidheight><src>gps</src><sat>10</sat><hdop>1.2</hdop><vdop>2.0</vdop><pdop>2.3</pdop></trkpt><trkpt lat="48.15551765820853" lon="-1.2294364053038183"><ele>181.92919696417297</ele><time>2026-09-30T10:12:03.426Z</time><course>73.700356</course><speed>5.0662074</speed><geoidheight>49.1</geoidheight><src>gps</src><sat>10</sat><hdop>1.3</hdop><vdop>2.2</vdop><pdop>2.6</pdop></trkpt><trkpt lat="48.155615200803815" lon="-1.2248794062188892"><ele>164.0019667073723</ele><time>2026-09-30T10:13:06.826Z</time><course>43.49965</course><speed>0.11393864</speed><geoidheight>49.1</geoidheight><src>gps</src><sat>11</sat><hdop>1.3</hdop><vdop>1.9</vdop><pdop>2.3</pdop></trkpt><trkpt lat="48.15544069966579" lon="-1.2207568524875418"><ele>178.1612373915363</ele><time>2026-09-30T10:14:11.544Z</time><course>57.69491</course><speed>2.3065007</speed><geoidheight>49.1</geoidheight><src>gps</src><sat>11</sat><hdop>0.9</hdop><vdop>1.3</vdop><pdop>1.5</pdop></trkpt><trkpt lat="48.157179775768185" lon="-1.2215068241286435"><ele>156.89907811793123</ele><time>2026-09-30T10:15:16.103Z</time><course>331.7225</course><speed>4.142135</speed><geoidheight>49.1</geoidheight><src>gps</src><sat>12</sat><hdop>1.2</hdop><vdop>2.3</vdop><pdop>2.6</pdop></trkpt><trkpt lat="48.16077626014729" lon="-1.2218923519653255"><ele>159.8074269090192</ele><time>2026-09-30T10:16:21.109Z</time><course>73.77179</course><speed>4.7395372</speed><geoidheight>49.1</geoidheight><src>gps</src><sat>10</sat><hdop>1.3</hdop><vdop>1.9</vdop><pdop>2.2</pdop></trkpt><trkpt lat="48.16110505811804" lon="-1.2198277829088013"><ele>173.08978262012258</ele><time>2026-09-30T10:17:25.522Z</time><course>349.54254</course><speed>0.29590276</speed><geoidheight>49.1</geoidheight><src>gps</src><sat>10</sat><hdop>1.0</hdop><vdop>1.4</vdop><pdop>1.8</pdop></trkpt><trkpt lat="48.16242345005489" lon="-1.2170007707864634"><ele>143.09678297031715</ele><time>2026-09-30T10:18:38.538Z</time><course>49.333138</course><speed>1.2153386</speed><geoidheight>49.1</geoidheight><src>gps</src><sat>6</sat><hdop>1.3</hdop><vdop>2.2</vdop><pdop>2.5</pdop></trkpt><trkpt lat="48.16278891417142" lon="-1.2149901344108933"><ele>148.17805180980838</ele><time>2026-09-30T10:19:55.544Z</time><course>108.02801</course><speed>2.628736</speed><geoidheight>49.1</geoidheight><src>gps</src><sat>9</sat><hdop>1.0</hdop><vdop>2.1</vdop><pdop>2.3</pdop></trkpt><trkpt lat="48.1626561656708" lon="-1.2121097137830648"><ele>166.21848624973705</ele><time>2026-09-30T10:21:09.948Z</time><course>41.678</course><speed>4.2833295</speed><geoidheight>49.1</geoidheight><src>gps</src><sat>7</sat><hdop>1.0</hdop><vdop>1.4</vdop><pdop>1.7</pdop></trkpt><trkpt lat="48.16404040000142" lon="-1.2086695761169735"><ele>153.980549177218</ele><time>2026-09-30T10:22:14.520Z</time><course>75.21</course><speed>5.2572813</speed><geoidheight>49.1</geoidheight><src>gps</src><sat>10</sat><hdop>1.3</hdop><vdop>2.4</vdop><pdop>2.8</pdop></trkpt><trkpt lat="48.16392427973496" lon="-1.205005245491597"><ele>147.97150470217412</ele><time>2026-09-30T10:23:20.004Z</time><course>340.28174</course><speed>1.8211751</speed><geoidheight>49.1</geoidheight><src>gps</src><sat>9</sat><hdop>2.3</hdop><vdop>2.4</vdop><pdop>3.4</pdop></trkpt><trkpt lat="48.16515252946979" lon="-1.2051771026178397"><ele>174.05886560541214</ele><time>2026-09-30T10:24:25.546Z</time><course>14.554781</course><speed>1.7578238</speed><geoidheight>49.1</geoidheight><src>gps</src><sat>10</sat><hdop>1.6</hdop><vdop>1.7</vdop><pdop>2.3</pdop></trkpt><trkpt lat="48.16674209358063" lon="-1.2054384874435102"><ele>214.02786601444666</ele><time>2026-09-30T10:25:30.477Z</time><course>23.103712</course><speed>1.386344</speed><geoidheight>49.1</geoidheight><src>gps</src><sat>9</sat><hdop>2.1</hdop><vdop>3.1</vdop><pdop>3.8</pdop></trkpt><trkpt lat="48.16753071612617" lon="-1.2048402088644443"><ele>228.44697652835382</ele><time>2026-09-30T10:26:34.095Z</time><course>188.35077</course><speed>0.113720715</speed><geoidheight>49.1</geoidheight><src>gps</src><sat>9</sat><hdop>1.3</hdop><vdop>2.2</vdop><pdop>2.6</pdop></trkpt><trkpt lat="48.17040853623152" lon="-1.2042561945194339"><ele>168.6578741820134</ele><time>2026-09-30T10:27:37.948Z</time><course>10.378867</course><speed>7.4320107</speed><geoidheight>49.1</geoidheight><src>gps</src><sat>12</sat><hdop>1.5</hdop><vdop>1.8</vdop><pdop>2.3</pdop></trkpt><trkpt lat="48.171217157064085" lon="-1.2016760049377033"><ele>165.4547679981195</ele><time>2026-09-30T10:28:42.573Z</time><course>115.59172</course><speed>8.538109</speed><geoidheight>49.1</geoidheight><src>gps</src><sat>12</sat><hdop>1.0</hdop><vdop>1.6</vdop><pdop>1.9</pdop></trkpt><trkpt lat="48.1696753" lon="-1.1951926"><ele>134.3000030517578</ele><time>2026-09-30T10:29:47.960Z</time><src>network</src></trkpt><trkpt lat="48.169544324035535" lon="-1.1920233951671477"><ele>166.31512987752194</ele><time>2026-09-30T10:30:50.636Z</time><course>94.98116</course><speed>3.3105855</speed><geoidheight>49.1</geoidheight><src>gps</src><sat>10</sat><hdop>1.0</hdop><vdop>2.2</vdop><pdop>2.4</pdop></trkpt><trkpt lat="48.1714154" lon="-1.191148"><ele>143.20001220703125</ele><time>2026-09-30T10:31:54.535Z</time><src>network</src></trkpt><trkpt lat="48.1732689955931" lon="-1.1887230423031203"><ele>150.86659115474893</ele><time>2026-09-30T10:32:57.508Z</time><course>51.4631</course><speed>3.1881633</speed><geoidheight>49.1</geoidheight><src>gps</src><sat>11</sat><hdop>1.6</hdop><vdop>2.4</vdop><pdop>2.9</pdop></trkpt><trkpt lat="48.174707717809376" lon="-1.1861500402207807"><ele>160.38064499618852</ele><time>2026-09-30T10:34:02.526Z</time><course>41.924564</course><speed>3.1243658</speed><geoidheight>49.1</geoidheight><src>gps</src><sat>12</sat><hdop>1.4</hdop><vdop>1.5</vdop><pdop>2.1</pdop></trkpt><trkpt lat="48.176256900715686" lon="-1.1844943181265617"><ele>141.64061400743512</ele><time>2026-09-30T10:35:07.177Z</time><course>35.84041</course><speed>3.224917</speed><geoidheight>49.1</geoidheight><src>gps</src><sat>10</sat><hdop>1.6</hdop><vdop>2.4</vdop><pdop>2.9</pdop></trkpt><trkpt lat="48.17666964439212" lon="-1.1814054545690056"><ele>170.5935252937117</ele><time>2026-09-30T10:36:11.388Z</time><course>91.77741</course><speed>4.450727</speed><geoidheight>49.0</geoidheight><src>gps</src><sat>12</sat><hdop>1.0</hdop><vdop>1.4</vdop><pdop>1.7</pdop></trkpt><trkpt lat="48.176495910464446" lon="-1.1771709811093258"><ele>178.91055165478892</ele><time>2026-09-30T10:37:16.530Z</time><course>94.74345</course><speed>4.4347286</speed><geoidheight>49.0</geoidheight><src>gps</src><sat>12</sat><hdop>0.8</hdop><vdop>1.1</vdop><pdop>1.4</pdop></trkpt><trkpt lat="48.177436902294154" lon="-1.1742208194078314"><ele>145.66412972791179</ele><time>2026-09-30T10:38:21.519Z</time><course>35.88403</course><speed>4.6832795</speed><geoidheight>49.0</geoidheight><src>gps</src><sat>10</sat><hdop>1.8</hdop><vdop>1.8</vdop><pdop>2.5</pdop></trkpt><trkpt lat="48.180761399596946" lon="-1.171849196970884"><ele>174.4255473503111</ele><time>2026-09-30T10:39:26.633Z</time><course>9.994166</course><speed>9.070146</speed><geoidheight>49.0</geoidheight><src>gps</src><sat>10</sat><hdop>1.3</hdop><vdop>2.1</vdop><pdop>2.5</pdop></trkpt><trkpt lat="48.18599807410523" lon="-1.1709862613705015"><ele>146.6713718371285</ele><time>2026-09-30T10:40:30.498Z</time><course>13.734769</course><speed>6.805523</speed><geoidheight>49.0</geoidheight><src>gps</src><sat>12</sat><hdop>1.0</hdop><vdop>1.8</vdop><pdop>2.1</pdop></trkpt><trkpt lat="48.18826714775414" lon="-1.1703981725416697"><ele>158.355029495163</ele><time>2026-09-30T10:41:35.507Z</time><course>359.98962</course><speed>2.4079018</speed><geoidheight>49.0</geoidheight><src>gps</src><sat>12</sat><hdop>1.6</hdop><vdop>1.8</vdop><pdop>2.4</pdop></trkpt><trkpt lat="48.189611673761746" lon="-1.169547810428834"><ele>163.45171313484394</ele><time>2026-09-30T10:42:40.518Z</time><course>41.810368</course><speed>1.9553031</speed><geoidheight>49.0</geoidheight><src>gps</src><sat>9</sat><hdop>1.7</hdop><vdop>2.2</vdop><pdop>2.8</pdop></trkpt><trkpt lat="48.190747776333396" lon="-1.1688736376935833"><ele>163.10207280652133</ele><time>2026-09-30T10:43:45.524Z</time><course>29.459406</course><speed>1.7252654</speed><geoidheight>49.0</geoidheight><src>gps</src><sat>12</sat><hdop>1.0</hdop><vdop>1.7</vdop><pdop>2.0</pdop></trkpt><trkpt lat="48.19207720576711" lon="-1.1681319449859988"><ele>163.90644626303367</ele><time>2026-09-30T10:44:51.435Z</time><course>18.274199</course><speed>2.5114884</speed><geoidheight>49.0</geoidheight><src>gps</src><sat>12</sat><hdop>1.6</hdop><vdop>1.5</vdop><pdop>2.2</pdop></trkpt><trkpt lat="48.193918580766464" lon="-1.1673929830673637"><ele>178.9251708082628</ele><time>2026-09-30T10:45:53.939Z</time><course>18.953379</course><speed>3.1640975</speed><geoidheight>49.0</geoidheight><src>gps</src><sat>12</sat><hdop>1.7</hdop><vdop>1.7</vdop><pdop>2.4</pdop></trkpt><trkpt lat="48.19580791041697" lon="-1.1656729439792188"><ele>175.88776947842567</ele><time>2026-09-30T10:46:57.808Z</time><course>58.77698</course><speed>2.7217007</speed><geoidheight>49.0</geoidheight><src>gps</src><sat>10</sat><hdop>1.9</hdop><vdop>2.1</vdop><pdop>2.8</pdop></trkpt><trkpt lat="48.196489906292136" lon="-1.1639554377615637"><ele>192.4953999979512</ele><time>2026-09-30T10:48:02.444Z</time><course>61.4964</course><speed>2.2771995</speed><geoidheight>49.0</geoidheight><src>gps</src><sat>11</sat><hdop>1.7</hdop><vdop>1.7</vdop><pdop>2.4</pdop></trkpt><trkpt lat="48.197455970181075" lon="-1.1613860089149748"><ele>196.43157203393181</ele><time>2026-09-30T10:49:06.513Z</time><course>63.749825</course><speed>2.967626</speed><geoidheight>49.0</geoidheight><src>gps</src><sat>11</sat><hdop>1.9</hdop><vdop>1.8</vdop><pdop>2.6</pdop></trkpt><trkpt lat="48.20056102416429" lon="-1.1566265509560414"><ele>173.8848903548339</ele><time>2026-09-30T10:50:11.496Z</time><course>42.688915</course><speed>9.127685</speed><geoidheight>49.0</geoidheight><src>gps</src><sat>12</sat><hdop>1.0</hdop><vdop>1.3</vdop><pdop>1.7</pdop></trkpt><trkpt lat="48.20147759416278" lon="-1.1527449760275417"><ele>202.6051889982549</ele><time>2026-09-30T10:51:16.145Z</time><course>126.83978</course><speed>1.9247036</speed><geoidheight>49.0</geoidheight><src>gps</src><sat>11</sat><hdop>1.0</hdop><vdop>1.2</vdop><pdop>1.6</pdop></trkpt><trkpt lat="48.20155087796109" lon="-1.1509187988237357"><ele>203.3995948804002</ele><time>2026-09-30T10:52:19.518Z</time><course>89.18878</course><speed>2.0113912</speed><geoidheight>49.0</geoidheight><src>gps</src><sat>9</sat><hdop>1.2</hdop><vdop>1.8</vdop><pdop>2.2</pdop></trkpt><trkpt lat="48.201991988698516" lon="-1.1491341453034558"><ele>212.4102248247558</ele><time>2026-09-30T10:53:24.482Z</time><course>80.53947</course><speed>2.1892648</speed><geoidheight>49.0</geoidheight><src>gps</src><sat>12</sat><hdop>1.0</hdop><vdop>1.4</vdop><pdop>1.7</pdop></trkpt><trkpt lat="48.202482247142825" lon="-1.1475928072575512"><ele>220.4334602957351</ele><time>2026-09-30T10:54:28.564Z</time><course>62.7625</course><speed>2.0295534</speed><geoidheight>49.0</geoidheight><src>gps</src><sat>10</sat><hdop>1.2</hdop><vdop>1.8</vdop><pdop>2.1</pdop></trkpt><trkpt lat="48.20311042657554" lon="-1.1466914914755721"><ele>220.05691507418163</ele><time>2026-09-30T10:55:32.139Z</time><course>27.244705</course><speed>1.6705316</speed><geoidheight>49.0</geoidheight><src>gps</src><sat>10</sat><hdop>2.4</hdop><vdop>1.9</vdop><pdop>3.1</pdop></trkpt><trkpt lat="48.203251114108" lon="-1.146408138262908"><ele>239.69555537043257</ele><time>2026-09-30T10:56:35.681Z</time><course>201.85283</course><speed>0.07348363</speed><geoidheight>49.0</geoidheight><src>gps</src><sat>10</sat><hdop>1.2</hdop><vdop>1.8</vdop><pdop>2.2</pdop></trkpt><trkpt lat="48.203243896773316" lon="-1.1463666050701793"><ele>221.36604771211205</ele><time>2026-09-30T10:57:35.999Z</time><course>148.43752</course><speed>0.22921075</speed><geoidheight>49.0</geoidheight><src>gps</src><sat>27</sat><hdop>1.0</hdop><vdop>2.0</vdop><pdop>2.2</pdop></trkpt><trkpt lat="48.203877640835216" lon="-1.1460244352767597"><ele>239.52680653471683</ele><time>2026-09-30T10:58:39.497Z</time><course>175.96631</course><speed>1.8435636</speed><geoidheight>49.0</geoidheight><src>gps</src><sat>12</sat><hdop>1.0</hdop><vdop>1.4</vdop><pdop>1.7</pdop></trkpt><trkpt lat="48.20347673427813" lon="-1.1462088304710172"><ele>254.66164507155932</ele><time>2026-09-30T10:59:42.936Z</time><course>68.873276</course><speed>0.364915</speed><geoidheight>49.0</geoidheight><src>gps</src><sat>9</sat><hdop>1.5</hdop><vdop>3.3</vdop><pdop>3.6</pdop></trkpt><trkpt lat="48.20600593308712" lon="-1.1449055791915965"><ele>229.2340494658948</ele><time>2026-09-30T11:00:47.742Z</time><course>7.2041636</course><speed>8.80251</speed><geoidheight>49.0</geoidheight><src>gps</src><sat>9</sat><hdop>2.9</hdop><vdop>3.0</vdop><pdop>4.2</pdop></trkpt><trkpt lat="48.20672224145837" lon="-1.1530612686492046"><ele>222.33463613109456</ele><time>2026-09-30T11:01:52.487Z</time><course>268.83176</course><speed>10.928536</speed><geoidheight>49.0</geoidheight><src>gps</src><sat>10</sat><hdop>2.2</hdop><vdop>2.5</vdop><pdop>3.3</pdop></trkpt><trkpt lat="48.20920871840131" lon="-1.1549683271197566"><ele>217.79301380388657</ele><time>2026-09-30T11:02:56.489Z</time><course>337.00586</course><speed>2.7601452</speed><geoidheight>49.0</geoidheight><src>gps</src><sat>12</sat><hdop>0.9</hdop><vdop>1.4</vdop><pdop>1.6</pdop></trkpt><trkpt lat="48.210551447086644" lon="-1.1556128397242391"><ele>223.79540383644812</ele><time>2026-09-30T11:03:59.944Z</time><course>2.0170135</course><speed>1.5976479</speed><geoidheight>49.0</geoidheight><src>gps</src><sat>12</sat><hdop>1.7</hdop><vdop>1.4</vdop><pdop>2.2</pdop></trkpt><trkpt lat="48.21184066397182" lon="-1.1568889263466058"><ele>219.19109670605823</ele><time>2026-09-30T11:05:03.767Z</time><course>292.88412</course><speed>1.9515717</speed><geoidheight>49.0</geoidheight><src>gps</src><sat>10</sat><hdop>1.6</hdop><vdop>2.0</vdop><pdop>2.6</pdop></trkpt><trkpt lat="48.21281941638572" lon="-1.1587133671374816"><ele>228.0868501370649</ele><time>2026-09-30T11:06:07.522Z</time><course>316.4439</course><speed>3.3204763</speed><geoidheight>49.0</geoidheight><src>gps</src><sat>10</sat><hdop>1.6</hdop><vdop>1.4</vdop><pdop>2.1</pdop></trkpt><trkpt lat="48.21416201370775" lon="-1.1607895455771757"><ele>220.72455425801414</ele><time>2026-09-30T11:07:12.473Z</time><course>8.362762</course><speed>2.2898676</speed><geoidheight>49.0</geoidheight><src>gps</src><sat>12</sat><hdop>0.8</hdop><vdop>1.0</vdop><pdop>1.3</pdop></trkpt><trkpt lat="48.21456979502215" lon="-1.1606355350707664"><ele>238.1404031175306</ele><time>2026-09-30T11:08:16.011Z</time><course>69.53807</course><speed>0.26349044</speed><geoidheight>49.0</geoidheight><src>gps</src><sat>12</sat><hdop>0.8</hdop><vdop>1.0</vdop><pdop>1.3</pdop></trkpt><trkpt lat="48.21466532948592" lon="-1.1607842093134777"><ele>217.01769656753015</ele><time>2026-09-30T11:09:20.473Z</time><course>146.91257</course><speed>0.0788441</speed><geoidheight>49.0</geoidheight><src>gps</src><sat>12</sat><hdop>1.6</hdop><vdop>1.3</vdop><pdop>2.0</pdop></trkpt><trkpt lat="48.214557237882815" lon="-1.1606125316857188"><ele>230.07186547208613</ele><time>2026-09-30T11:10:23.815Z</time><course>315.97598</course><speed>0.29999602</speed><geoidheight>49.0</geoidheight><src>gps</src><sat>11</sat><hdop>2.4</hdop><vdop>1.1</vdop><pdop>2.7</pdop></trkpt><trkpt lat="48.21448540932819" lon="-1.160697749196857"><ele>220.58948789872488</ele><time>2026-09-30T11:11:28.487Z</time><course>338.8373</course><speed>0.21550561</speed><geoidheight>49.0</geoidheight><src>gps</src><sat>12</sat><hdop>1.0</hdop><vdop>1.5</vdop><pdop>1.8</pdop></trkpt><trkpt lat="48.214478286250774" lon="-1.1607902353581663"><ele>227.80768715517345</ele><time>2026-09-30T11:12:29.709Z</time><course>330.19324</course><speed>0.19466263</speed><geoidheight>49.0</geoidheight><src>gps</src><sat>9</sat><hdop>3.0</hdop><vdop>2.1</vdop><pdop>3.7</pdop></trkpt><trkpt lat="48.21461200241377" lon="-1.1606137395409932"><ele>208.24847307590534</ele><time>2026-09-30T11:13:33.476Z</time><course>199.94917</course><speed>0.6323962</speed><geoidheight>49.0</geoidheight><src>gps</src><sat>10</sat><hdop>1.8</hdop><vdop>2.2</vdop><pdop>2.8</pdop></trkpt><trkpt lat="48.214605191581626" lon="-1.1606097892436318"><ele>215.8551408638498</ele><time>2026-09-30T11:14:34.000Z</time><speed>0.0</speed><geoidheight>49.0</geoidheight><src>gps</src><sat>16</sat><hdop>1.3</hdop><vdop>1.9</vdop><pdop>2.3</pdop></trkpt><trkpt lat="48.21430892771426" lon="-1.160806834971173"><ele>245.22536917349606</ele><time>2026-09-30T11:15:38.464Z</time><course>173.5515</course><speed>0.2684803</speed><geoidheight>49.0</geoidheight><src>gps</src><sat>12</sat><hdop>0.8</hdop><vdop>1.0</vdop><pdop>1.3</pdop></trkpt><trkpt lat="48.21456065248467" lon="-1.1606298824673544"><ele>213.75416895964858</ele><time>2026-09-30T11:16:42.475Z</time><course>121.19579</course><speed>0.699796</speed><geoidheight>49.0</geoidheight><src>gps</src><hdop>1.0</hdop><vdop>1.0</vdop><pdop>1.4</pdop></trkpt><trkpt lat="48.214467037187724" lon="-1.1605895401749213"><ele>243.0426550101927</ele><time>2026-09-30T11:18:04.710Z</time><course>249.72182</course><speed>0.3917049</speed><geoidheight>49.0</geoidheight><src>gps</src><sat>12</sat><hdop>0.8</hdop><vdop>0.9</vdop><pdop>1.2</pdop></trkpt><trkpt lat="48.2145892433013" lon="-1.1607311081558345"><ele>204.86046113055897</ele><time>2026-09-30T11:19:05.000Z</time><speed>0.0</speed><geoidheight>49.0</geoidheight><src>gps</src><sat>26</sat><hdop>1.1</hdop><vdop>1.4</vdop><pdop>1.8</pdop></trkpt><trkpt lat="48.21456862659738" lon="-1.160711232288329"><ele>224.41256629614242</ele><time>2026-09-30T11:20:09.441Z</time><course>84.41972</course><speed>0.44644257</speed><geoidheight>49.0</geoidheight><src>gps</src><sat>5</sat><hdop>2.2</hdop><vdop>4.9</vdop><pdop>5.4</pdop></trkpt><trkpt lat="48.21453717660289" lon="-1.1606715004364996"><ele>221.983415178336</ele><time>2026-09-30T11:21:15.495Z</time><course>190.8183</course><speed>2.0785458</speed><geoidheight>49.0</geoidheight><src>gps</src><sat>5</sat><hdop>3.2</hdop><vdop>5.0</vdop><pdop>6.0</pdop></trkpt><trkpt lat="48.21462832979496" lon="-1.1605855559946097"><ele>222.69594098575428</ele><time>2026-09-30T11:22:18.840Z</time><course>16.019484</course><speed>0.56822056</speed><geoidheight>49.0</geoidheight><src>gps</src><sat>7</sat><hdop>1.5</hdop><vdop>1.6</vdop><pdop>2.2</pdop></trkpt><trkpt lat="48.214551670350744" lon="-1.1608989733606512"><ele>249.931582575354</ele><time>2026-09-30T11:23:26.198Z</time><course>179.09468</course><speed>0.30785972</speed><geoidheight>49.0</geoidheight><src>gps</src><sat>5</sat><hdop>3.3</hdop><vdop>5.5</vdop><pdop>6.4</pdop></trkpt><trkpt lat="48.21454706302563" lon="-1.1607119802620667"><ele>205.46064227232625</ele><time>2026-09-30T11:24:29.579Z</time><course>189.3187</course><speed>1.0381607</speed><geoidheight>49.0</geoidheight><src>gps</src><sat>5</sat><hdop>2.2</hdop><vdop>1.9</vdop><pdop>2.9</pdop></trkpt><trkpt lat="48.214601263122496" lon="-1.1605952569529865"><ele>231.08228134129382</ele><time>2026-09-30T11:25:33.473Z</time><course>284.4901</course><speed>0.383955</speed><geoidheight>49.0</geoidheight><src>gps</src><sat>12</sat><hdop>1.5</hdop><vdop>1.1</vdop><pdop>1.9</pdop></trkpt><trkpt lat="48.21455256719903" lon="-1.1605700032262773"><ele>239.4602586550296</ele><time>2026-09-30T11:26:37.479Z</time><course>174.11128</course><speed>0.39219534</speed><geoidheight>49.0</geoidheight><src>gps</src><sat>10</sat><hdop>1.7</hdop><vdop>1.3</vdop><pdop>2.1</pdop></trkpt><trkpt lat="48.214752940563244" lon="-1.1606782427947262"><ele>217.5429866075765</ele><time>2026-09-30T11:27:41.291Z</time><course>242.29164</course><speed>0.52547556</speed><geoidheight>49.0</geoidheight><src>gps</src><sat>8</sat><hdop>1.8</hdop><vdop>1.8</vdop><pdop>2.5</pdop></trkpt><trkpt lat="48.21477704621954" lon="-1.160468325736758"><ele>223.54908336373575</ele><time>2026-09-30T11:28:44.478Z</time><course>168.05496</course><speed>0.13095547</speed><geoidheight>49.0</geoidheight><src>gps</src><sat>12</sat><hdop>1.4</hdop><vdop>1.2</vdop><pdop>1.8</pdop></trkpt><trkpt lat="48.21457425676323" lon="-1.160605039162563"><ele>224.05386103954615</ele><time>2026-09-30T11:29:49.444Z</time><course>305.75687</course><speed>0.16374278</speed><geoidheight>49.0</geoidheight><src>gps</src><sat>12</sat><hdop>0.8</hdop><vdop>1.0</vdop><pdop>1.3</pdop></trkpt><trkpt lat="48.21457425676323" lon="-1.160605039162563"><ele>224.05386103954615</ele><time>2026-09-30T11:30:52.404Z</time><geoidheight>49.0</geoidheight><src>gps</src><sat>12</sat></trkpt><trkpt lat="48.21457425676323" lon="-1.160605039162563"><ele>224.05386103954615</ele><time>2026-09-30T11:31:52.546Z</time><geoidheight>49.0</geoidheight><src>gps</src><sat>12</sat></trkpt><trkpt lat="48.21457425676323" lon="-1.160605039162563"><ele>224.05386103954615</ele><time>2026-09-30T11:32:53.415Z</time><geoidheight>49.0</geoidheight><src>gps</src><sat>12</sat></trkpt><trkpt lat="48.21457425676323" lon="-1.160605039162563"><ele>224.05386103954615</ele><time>2026-09-30T11:33:53.552Z</time><geoidheight>49.0</geoidheight><src>gps</src><sat>12</sat></trkpt><trkpt lat="48.21457425676323" lon="-1.160605039162563"><ele>224.05386103954615</ele><time>2026-09-30T11:34:53.687Z</time><geoidheight>49.0</geoidheight><src>gps</src><sat>12</sat></trkpt><trkpt lat="48.214595635015606" lon="-1.1606883049000085"><ele>218.78214962117394</ele><time>2026-09-30T11:35:53.000Z</time><speed>0.0</speed><geoidheight>49.0</geoidheight><src>gps</src><sat>18</sat><hdop>1.6</hdop><vdop>2.2</vdop><pdop>2.7</pdop></trkpt><trkpt lat="48.214593360333495" lon="-1.1606642164288345"><ele>223.49245561176977</ele><time>2026-09-30T11:36:54.000Z</time><speed>0.0</speed><geoidheight>49.0</geoidheight><src>gps</src><sat>30</sat><hdop>0.9</hdop><vdop>1.3</vdop><pdop>1.6</pdop></trkpt><trkpt lat="48.21444769887572" lon="-1.16060007456969"><ele>251.2325791033534</ele><time>2026-09-30T11:37:57.502Z</time><course>266.91388</course><speed>0.42499548</speed><geoidheight>49.0</geoidheight><src>gps</src><sat>12</sat><hdop>1.5</hdop><vdop>1.4</vdop><pdop>2.1</pdop></trkpt><trkpt lat="48.21457906847243" lon="-1.1606153898591385"><ele>48.48038767833975</ele><time>2026-09-30T11:38:58.999Z</time><speed>0.0</speed><geoidheight>49.0</geoidheight><src>gps</src><sat>30</sat><hdop>1.2</hdop><vdop>1.5</vdop><pdop>2.0</pdop></trkpt><trkpt lat="48.21458219416954" lon="-1.1607301705573672"><ele>226.72765073564267</ele><time>2026-09-30T11:40:02.386Z</time><course>218.48982</course><speed>1.07168</speed><geoidheight>49.0</geoidheight><src>gps</src><sat>7</sat><hdop>2.1</hdop><vdop>2.8</vdop><pdop>3.5</pdop></trkpt><trkpt lat="48.21453378265374" lon="-1.1605932197011957"><ele>228.205766806031</ele><time>2026-09-30T11:41:06.718Z</time><course>275.5717</course><speed>0.45790827</speed><geoidheight>49.0</geoidheight><src>gps</src><sat>12</sat><hdop>1.3</hdop><vdop>1.5</vdop><pdop>2.0</pdop></trkpt><trkpt lat="48.21481547994759" lon="-1.1605094262481086"><ele>227.197807322875</ele><time>2026-09-30T11:42:09.721Z</time><course>352.88635</course><speed>2.3771925</speed><geoidheight>49.0</geoidheight><src>gps</src><sat>7</sat><hdop>6.9</hdop><vdop>5.5</vdop><pdop>8.9</pdop></trkpt><trkpt lat="48.21461548247015" lon="-1.1606840653538668"><ele>229.37759624185134</ele><time>2026-09-30T11:43:15.440Z</time><course>257.54846</course><speed>1.0018734</speed><geoidheight>49.0</geoidheight><src>gps</src><sat>7</sat><hdop>3.8</hdop><vdop>3.0</vdop><pdop>4.9</pdop></trkpt><trkpt lat="48.21430795879344" lon="-1.1604499073224386"><ele>253.84215485796844</ele><time>2026-09-30T11:44:19.444Z</time><course>41.77894</course><speed>0.35045454</speed><geoidheight>49.0</geoidheight><src>gps</src><sat>7</sat><hdop>6.2</hdop><vdop>4.4</vdop><pdop>7.6</pdop></trkpt><trkpt lat="48.21443994581396" lon="-1.160664848616266"><ele>283.45440207211067</ele><time>2026-09-30T11:45:22.199Z</time><course>308.2154</course><speed>1.2793651</speed><geoidheight>49.0</geoidheight><src>gps</src><sat>9</sat><hdop>2.7</hdop><vdop>6.1</vdop><pdop>6.7</pdop></trkpt><trkpt lat="48.214579879587454" lon="-1.1607083785217107"><ele>215.96428399109556</ele><time>2026-09-30T11:46:22.999Z</time><speed>0.0</speed><geoidheight>49.0</geoidheight><src>gps</src><sat>14</sat><hdop>0.9</hdop><vdop>1.2</vdop><pdop>1.5</pdop></trkpt><trkpt lat="48.214603208977984" lon="-1.160773205616227"><ele>219.74978397746176</ele><time>2026-09-30T11:47:27.448Z</time><course>327.8748</course><speed>0.70813143</speed><geoidheight>49.0</geoidheight><src>gps</src><sat>10</sat><hdop>1.4</hdop><vdop>1.6</vdop><pdop>2.1</pdop></trkpt><trkpt lat="48.21457241203208" lon="-1.1605637240203794"><ele>224.8664168999513</ele><time>2026-09-30T11:48:28.000Z</time><speed>0.0</speed><geoidheight>49.0</geoidheight><src>gps</src><sat>15</sat><hdop>1.3</hdop><vdop>1.5</vdop><pdop>2.0</pdop></trkpt><trkpt lat="48.214628127735196" lon="-1.1606518099867356"><ele>237.2280093264968</ele><time>2026-09-30T11:49:31.355Z</time><course>190.93727</course><speed>0.27830288</speed><geoidheight>49.0</geoidheight><src>gps</src><sat>9</sat><hdop>3.1</hdop><vdop>4.8</vdop><pdop>5.7</pdop></trkpt><trkpt lat="48.21448256209984" lon="-1.16057616129361"><ele>200.65042492550722</ele><time>2026-09-30T11:50:42.648Z</time><course>212.57051</course><speed>0.5663059</speed><geoidheight>49.0</geoidheight><src>gps</src><sat>5</sat><hdop>3.3</hdop><vdop>2.5</vdop><pdop>4.1</pdop></trkpt></trkseg></trk></gpx>